t,price,regime
0,99.15629329186248,calm_trend
1,99.9187405150561,calm_trend
2,100.50505895917054,calm_trend
3,101.462590130962,calm_trend
4,101.44715964539088,calm_trend
5,102.02050264347042,calm_trend
6,102.84476933140134,calm_trend
7,103.3097092078457,calm_trend
8,102.65033321029955,calm_trend
9,101.46562881598031,calm_trend
10,100.36223436359955,calm_trend
11,100.92317473383058,calm_trend
12,101.86870408728606,calm_trend
13,102.02952537712865,calm_trend
14,102.3540825861309,calm_trend
15,102.05259846783531,calm_trend
16,102.97423231651426,calm_trend
17,102.39392753982149,calm_trend
18,102.79799993363743,calm_trend
19,103.52310315231234,calm_trend
20,103.52635528021867,calm_trend
21,103.01419194863374,calm_trend
22,103.02326107349622,calm_trend
23,104.11516990543852,calm_trend
24,104.32772107250244,calm_trend
25,103.78648811113332,calm_trend
26,103.29195001627255,calm_trend
27,104.01662301676635,calm_trend
28,104.36474778535035,calm_trend
29,104.39061419864629,calm_trend
30,103.87260056274334,calm_trend
31,103.64897707876146,calm_trend
32,103.63965408202233,calm_trend
33,103.9518149448885,calm_trend
34,103.00000746822195,calm_trend
35,101.51363944168563,calm_trend
36,100.5946171846775,calm_trend
37,100.10138055975898,calm_trend
38,99.7644503010721,calm_trend
39,100.49090022739965,calm_trend
40,100.60448842734371,calm_trend
41,100.7802028757404,calm_trend
42,100.71379108413609,calm_trend
43,101.45611908018489,calm_trend
44,101.67450977574113,calm_trend
45,101.04531906696346,calm_trend
46,101.2470073997052,calm_trend
47,100.49297833147943,calm_trend
48,100.64753799104551,calm_trend
49,100.46570049578997,calm_trend
50,101.97698419250426,calm_trend
51,101.94160064073353,calm_trend
52,100.77973681060794,calm_trend
53,100.25878270118974,calm_trend
54,100.25129532520934,calm_trend
55,100.97868677877362,calm_trend
56,102.24049915703333,calm_trend
57,101.93401738838935,calm_trend
58,101.41649611298425,calm_trend
59,101.29071995112456,calm_trend
60,101.33425968759464,calm_trend
61,102.98248942641118,calm_trend
62,103.54411659631809,calm_trend
63,103.3465644484637,calm_trend
64,102.98574909963314,calm_trend
65,103.11765837422956,calm_trend
66,103.58289240162115,calm_trend
67,104.06208550304167,calm_trend
68,103.13479018779962,calm_trend
69,103.58751049479545,calm_trend
70,103.21682792687338,calm_trend
71,103.4377309250088,calm_trend
72,103.58163589186181,calm_trend
73,103.93474262832332,calm_trend
74,104.39368711493177,calm_trend
75,104.68249679551656,calm_trend
76,104.72786924651945,calm_trend
77,104.48783333012493,calm_trend
78,103.87926753428388,calm_trend
79,104.22775540388197,calm_trend
80,103.48938946136963,calm_trend
81,103.1643966128903,calm_trend
82,102.99493797104294,calm_trend
83,103.64947964659416,calm_trend
84,102.8880724108062,calm_trend
85,102.67555365977073,calm_trend
86,102.63013573824591,calm_trend
87,103.17119263563367,calm_trend
88,103.03346957422823,calm_trend
89,104.53005795407739,calm_trend
90,105.55932054711741,calm_trend
91,105.30786221639286,calm_trend
92,104.33672209829359,calm_trend
93,104.40767129590283,calm_trend
94,104.71245696980941,calm_trend
95,105.46667525332337,calm_trend
96,105.17616523256063,calm_trend
97,104.51664879068584,calm_trend
98,104.22706186135107,calm_trend
99,104.26219828088793,calm_trend
100,104.53075298240162,calm_trend
101,105.4461500832517,calm_trend
102,105.5386156627995,calm_trend
103,105.08818653369224,calm_trend
104,105.43360699891447,calm_trend
105,105.2105570103933,calm_trend
106,105.53627919384795,calm_trend
107,106.50284963594348,calm_trend
108,106.37959618861045,calm_trend
109,106.167471470646,calm_trend
110,105.67254025879716,calm_trend
111,106.47932017366205,calm_trend
112,105.51656397600617,calm_trend
113,105.96709511221984,calm_trend
114,106.47557244830435,calm_trend
115,106.18534905805348,calm_trend
116,106.1793618687566,calm_trend
117,106.62107228163767,calm_trend
118,107.29055337830604,calm_trend
119,107.36781957791212,calm_trend
120,107.06601236030662,calm_trend
121,107.63812448963593,calm_trend
122,106.54070348573221,calm_trend
123,107.38669777358176,calm_trend
124,106.52140804430167,calm_trend
125,106.38415807486967,calm_trend
126,107.06604872538941,calm_trend
127,107.7766458643555,calm_trend
128,107.21426753954083,calm_trend
129,107.53158377449154,calm_trend
130,108.09734449921613,calm_trend
131,107.60279264542497,calm_trend
132,107.20830306190514,calm_trend
133,106.94418639749408,calm_trend
134,107.50923840329638,calm_trend
135,108.17654471189799,calm_trend
136,107.80176486354405,calm_trend
137,108.16831974820474,calm_trend
138,107.67663137977654,calm_trend
139,107.56913440695196,calm_trend
140,107.06139178605429,calm_trend
141,106.4304148360123,calm_trend
142,107.17861195243442,calm_trend
143,107.07557002334447,calm_trend
144,107.10636115105363,calm_trend
145,107.66032546907326,calm_trend
146,107.30058209996784,calm_trend
147,107.0146796431029,calm_trend
148,106.84833952636123,calm_trend
149,106.68553651500378,calm_trend
150,106.44725973155363,calm_trend
151,105.68079233017926,calm_trend
152,105.01992128236134,calm_trend
153,104.27196403989315,calm_trend
154,104.21558706859781,calm_trend
155,104.7994463417001,calm_trend
156,103.85504642264482,calm_trend
157,104.89741832951378,calm_trend
158,106.58164532031228,calm_trend
159,107.33617313905273,calm_trend
160,107.18186641348244,calm_trend
161,106.65560375723513,calm_trend
162,107.4183432659828,calm_trend
163,107.25095017758929,calm_trend
164,106.87954499857112,calm_trend
165,107.15212403039332,calm_trend
166,107.42311736468179,calm_trend
167,106.7431275977218,calm_trend
168,106.80944148093731,calm_trend
169,105.8665104758675,calm_trend
170,105.70105924528171,calm_trend
171,106.01074347445264,calm_trend
172,106.57578180531742,calm_trend
173,106.95092241999419,calm_trend
174,105.52580975810423,calm_trend
175,105.9085298346152,calm_trend
176,107.14860922283293,calm_trend
177,106.42682217020332,calm_trend
178,106.02595633565883,calm_trend
179,105.06164205802597,calm_trend
180,103.93938209378014,calm_trend
181,103.59784785793258,calm_trend
182,103.36610284810878,calm_trend
183,103.71780935940377,calm_trend
184,102.83859100760056,calm_trend
185,104.38014592511279,calm_trend
186,103.40789937281421,calm_trend
187,103.92594326909067,calm_trend
188,104.16817442142496,calm_trend
189,103.55536554010123,calm_trend
190,103.86891340690984,calm_trend
191,104.1187608516479,calm_trend
192,104.40736778466338,calm_trend
193,105.27689411696223,calm_trend
194,105.46464844228008,calm_trend
195,105.54958167824284,calm_trend
196,104.91748640307404,calm_trend
197,105.32062739778054,calm_trend
198,105.24998888023522,calm_trend
199,105.38794242786008,calm_trend
200,106.1779007908195,calm_trend
201,106.8370300667501,calm_trend
202,107.33216592635085,calm_trend
203,107.05558393384655,calm_trend
204,106.23372555584437,calm_trend
205,107.30329129715689,calm_trend
206,106.59074126870303,calm_trend
207,106.73959751666862,calm_trend
208,107.29997580155433,calm_trend
209,108.08967991507947,calm_trend
210,108.16167540413913,calm_trend
211,108.02451799591405,calm_trend
212,107.50152312524219,calm_trend
213,106.55964323698574,calm_trend
214,105.83211657743392,calm_trend
215,105.73335621953578,calm_trend
216,106.96837766630401,calm_trend
217,106.48149657955352,calm_trend
218,107.17905472094367,calm_trend
219,107.4267151542113,calm_trend
220,107.3178490706271,calm_trend
221,106.62420264074294,calm_trend
222,106.8737944173798,calm_trend
223,105.78649581269468,calm_trend
224,105.88833239763547,calm_trend
225,106.11830679087393,calm_trend
226,105.64833303460232,calm_trend
227,105.78660146587974,calm_trend
228,105.25861273522068,calm_trend
229,104.17063817671713,calm_trend
230,104.60780633970937,calm_trend
231,104.02081894343179,calm_trend
232,104.16601809635844,calm_trend
233,103.3504464636595,calm_trend
234,103.63886808284686,calm_trend
235,103.60570360458718,calm_trend
236,103.40724407781973,calm_trend
237,103.67714897438238,calm_trend
238,105.13593312958221,calm_trend
239,105.00204836237643,calm_trend
240,104.97780666982877,calm_trend
241,106.26033415382206,calm_trend
242,107.12502979144874,calm_trend
243,107.41613657978877,calm_trend
244,107.48888690562697,calm_trend
245,106.50056377505645,calm_trend
246,107.54915536921261,calm_trend
247,108.10090947976592,calm_trend
248,108.39339400416456,calm_trend
249,107.22841547231265,calm_trend
250,108.27981524335122,calm_trend
251,108.77007513123655,calm_trend
252,109.08651583425443,calm_trend
253,109.8505105496062,calm_trend
254,111.03040336962304,calm_trend
255,110.76661416843496,calm_trend
256,110.80382211019507,calm_trend
257,110.7127215751313,calm_trend
258,111.13256582700909,calm_trend
259,111.9008557053113,calm_trend
260,111.87408581768948,calm_trend
261,111.4639395838435,calm_trend
262,112.10342670432622,calm_trend
263,112.5183413288234,calm_trend
264,113.50356812014648,calm_trend
265,113.15532832753668,calm_trend
266,112.56342459610504,calm_trend
267,112.30842116955321,calm_trend
268,112.79216513801894,calm_trend
269,112.76004026239313,calm_trend
270,111.846846799382,calm_trend
271,113.20164016964576,calm_trend
272,112.94973837475733,calm_trend
273,113.90203571748039,calm_trend
274,112.9070006406401,calm_trend
275,112.3076271221286,calm_trend
276,112.56069771888836,calm_trend
277,111.03579005894086,calm_trend
278,111.2372669430115,calm_trend
279,111.33777696462494,calm_trend
280,111.47663854477763,calm_trend
281,110.83056717766755,calm_trend
282,111.7365087607798,calm_trend
283,112.20456243902782,calm_trend
284,112.38700233400105,calm_trend
285,111.81845639565127,calm_trend
286,111.63966136558409,calm_trend
287,111.05394913688485,calm_trend
288,111.50039048331007,calm_trend
289,111.19210554045085,calm_trend
290,110.14743894581808,calm_trend
291,110.39296847471871,calm_trend
292,110.65235114069232,calm_trend
293,110.25007007891385,calm_trend
294,111.04866312955721,calm_trend
295,111.36254956199572,calm_trend
296,110.83876134749535,calm_trend
297,110.1108997453282,calm_trend
298,109.27887589947538,calm_trend
299,110.47364844993385,calm_trend
300,111.17016987336163,calm_trend
301,111.17427599370279,calm_trend
302,111.13270425926183,calm_trend
303,110.44886684791354,calm_trend
304,111.04996372376286,calm_trend
305,110.37149034652246,calm_trend
306,110.1143071794263,calm_trend
307,108.88461119231489,calm_trend
308,109.49883088085775,calm_trend
309,109.35236018021898,calm_trend
310,109.89374389618075,calm_trend
311,109.99730845705915,calm_trend
312,109.69389657291477,calm_trend
313,110.26548523303813,calm_trend
314,111.26554304202294,calm_trend
315,111.34085216649153,calm_trend
316,111.73140364871271,calm_trend
317,112.50172756704987,calm_trend
318,112.02451600901948,calm_trend
319,111.50014720721012,calm_trend
320,110.2872803254594,calm_trend
321,109.45840930919339,calm_trend
322,109.24008658354866,calm_trend
323,108.69130251692025,calm_trend
324,109.67881380356529,calm_trend
325,110.2136508981588,calm_trend
326,111.33917451006806,calm_trend
327,110.96700630544282,calm_trend
328,110.31132530366702,calm_trend
329,110.50985556064033,calm_trend
330,110.78561832923685,calm_trend
331,110.85574934634383,calm_trend
332,110.59995457528359,calm_trend
333,110.3101877259071,calm_trend
334,110.18102620135176,calm_trend
335,110.24508261483719,calm_trend
336,111.0343013242027,calm_trend
337,111.11207440274714,calm_trend
338,112.83374456040985,calm_trend
339,112.51994016869224,calm_trend
340,113.31538578871768,calm_trend
341,113.48459328929673,calm_trend
342,112.43405308753637,calm_trend
343,112.98417160466575,calm_trend
344,112.75316153370477,calm_trend
345,113.76683285398853,calm_trend
346,114.01959726436897,calm_trend
347,114.48852378132875,calm_trend
348,115.94294133291618,calm_trend
349,115.98713716322004,calm_trend
350,114.02179505836621,calm_trend
351,114.22441816087695,calm_trend
352,113.6754595992199,calm_trend
353,115.03376122888683,calm_trend
354,114.70356958302871,calm_trend
355,115.16086477826238,calm_trend
356,114.92935204064565,calm_trend
357,115.0347462529185,calm_trend
358,114.46833364512713,calm_trend
359,114.68380970091638,calm_trend
360,114.76730520172384,calm_trend
361,115.02323297205731,calm_trend
362,115.85831877134787,calm_trend
363,116.26360537804048,calm_trend
364,116.20808681003152,calm_trend
365,116.36888110626762,calm_trend
366,117.22429064701315,calm_trend
367,116.67713149585394,calm_trend
368,116.02553036311012,calm_trend
369,116.58224184666804,calm_trend
370,117.32386569307204,calm_trend
371,116.83958202882833,calm_trend
372,116.23853879216647,calm_trend
373,115.2876955238865,calm_trend
374,115.1595519785383,calm_trend
375,114.87737221066973,calm_trend
376,115.31423398319141,calm_trend
377,114.43698988406098,calm_trend
378,115.07417230937142,calm_trend
379,114.9418669408973,calm_trend
380,114.55494194077014,calm_trend
381,115.58414820014089,calm_trend
382,116.17236497719584,calm_trend
383,116.46800613193308,calm_trend
384,115.71335237176858,calm_trend
385,115.09239038131999,calm_trend
386,114.6006594761992,calm_trend
387,113.89932335257589,calm_trend
388,113.84454601409179,calm_trend
389,111.43580668158839,calm_trend
390,110.70810584614105,calm_trend
391,110.50608077896497,calm_trend
392,110.33310125724938,calm_trend
393,110.28003673726761,calm_trend
394,109.15204157300188,calm_trend
395,108.87176773059629,calm_trend
396,108.43363410918293,calm_trend
397,109.89464324402222,calm_trend
398,110.08272210998601,calm_trend
399,110.20424453340675,calm_trend
400,108.78889150282698,calm_trend
401,109.1679174713473,calm_trend
402,109.4268058106299,calm_trend
403,109.28718623023227,calm_trend
404,108.60407986639879,calm_trend
405,108.58105514772566,calm_trend
406,107.73319981767216,calm_trend
407,108.13380067074873,calm_trend
408,107.7895657037411,calm_trend
409,107.79795747763724,calm_trend
410,107.56326084632869,calm_trend
411,108.53792687744486,calm_trend
412,107.50128184511921,calm_trend
413,105.13466418567397,calm_trend
414,104.27299765478888,calm_trend
415,103.90266858569404,calm_trend
416,104.43715761835689,calm_trend
417,104.31927562197806,calm_trend
418,104.85755014349317,calm_trend
419,104.61267168581034,calm_trend
420,104.12188257919897,calm_trend
421,103.70853311096504,calm_trend
422,102.22951482853878,calm_trend
423,102.19979543151649,calm_trend
424,100.99081008167663,calm_trend
425,100.4193514611237,calm_trend
426,100.35083234040998,calm_trend
427,100.37890137847178,calm_trend
428,100.10146393843034,calm_trend
429,100.98397970150191,calm_trend
430,100.15289607531963,calm_trend
431,100.47754807500989,calm_trend
432,101.08946762018105,calm_trend
433,101.39805589421489,calm_trend
434,101.14456837204553,calm_trend
435,100.94296609388502,calm_trend
436,100.71292143567474,calm_trend
437,100.40188570008465,calm_trend
438,99.60839448010474,calm_trend
439,99.56648664085053,calm_trend
440,100.0832706130228,calm_trend
441,99.05782143891729,calm_trend
442,99.33060884438278,calm_trend
443,100.03314871804267,calm_trend
444,100.81191720640662,calm_trend
445,101.60053562517058,calm_trend
446,101.68369430976554,calm_trend
447,102.54356276307253,calm_trend
448,102.97786920056022,calm_trend
449,103.21073735996376,calm_trend
450,102.68663149366351,calm_trend
451,102.03852509465608,calm_trend
452,102.74848622596171,calm_trend
453,101.76454475380787,calm_trend
454,101.15658885368698,calm_trend
455,100.39074875747967,calm_trend
456,101.11889852641275,calm_trend
457,100.76089723610089,calm_trend
458,99.4353946089264,calm_trend
459,99.89027542668099,calm_trend
460,100.46092353097302,calm_trend
461,100.00879387509703,calm_trend
462,100.56052653950971,calm_trend
463,100.18833494544039,calm_trend
464,100.65274557585015,calm_trend
465,100.2082680476716,calm_trend
466,101.05561415841038,calm_trend
467,101.00263366724876,calm_trend
468,100.86720944392363,calm_trend
469,101.7695230626746,calm_trend
470,102.04664670291139,calm_trend
471,101.8697627909397,calm_trend
472,100.92707911381643,calm_trend
473,101.0966863144585,calm_trend
474,100.70859391133999,calm_trend
475,100.67719952117152,calm_trend
476,100.75563041498124,calm_trend
477,101.37934142478395,calm_trend
478,101.77070497020328,calm_trend
479,101.11172720182856,calm_trend
480,101.43251576630657,calm_trend
481,100.82460753272477,calm_trend
482,101.046219208498,calm_trend
483,100.68997442690215,calm_trend
484,100.54813412754284,calm_trend
485,101.5818350171556,calm_trend
486,100.98735639312383,calm_trend
487,100.51037396590415,calm_trend
488,100.81711572340213,calm_trend
489,101.31537668600627,calm_trend
490,101.92965047849616,calm_trend
491,101.91509098877442,calm_trend
492,101.1623391661937,calm_trend
493,101.4699213267467,calm_trend
494,101.70943613667657,calm_trend
495,101.3864145218192,calm_trend
496,100.75061346486119,calm_trend
497,100.07341631016268,calm_trend
498,100.05036462803862,calm_trend
499,100.19543257488768,calm_trend
500,100.50992371797565,calm_trend
501,100.05245401788817,calm_trend
502,100.88399404815102,calm_trend
503,100.15676303920226,calm_trend
504,99.6885558065347,calm_trend
505,100.46298984802928,calm_trend
506,100.40659834308315,calm_trend
507,100.89347189589164,calm_trend
508,100.09854937268612,calm_trend
509,100.67079191509502,calm_trend
510,101.01900550673369,calm_trend
511,100.41105076899713,calm_trend
512,99.93810318023621,calm_trend
513,99.74697874155386,calm_trend
514,99.60000588381936,calm_trend
515,99.57877479577046,calm_trend
516,100.13210843842599,calm_trend
517,100.16547802608517,calm_trend
518,99.61367052289366,calm_trend
519,100.37562571880362,calm_trend
520,100.62432506370827,calm_trend
521,101.251703880131,calm_trend
522,101.77805790787212,calm_trend
523,101.7806519639868,calm_trend
524,100.77576945439245,calm_trend
525,99.84714135389069,calm_trend
526,99.46738930755066,calm_trend
527,98.96109335736912,calm_trend
528,98.78929588393025,calm_trend
529,98.8512129766177,calm_trend
530,98.71131353810982,calm_trend
531,98.00179467448034,calm_trend
532,96.82994478188004,calm_trend
533,96.66627907314452,calm_trend
534,95.86240584889086,calm_trend
535,94.07830454714423,calm_trend
536,94.77612057363639,calm_trend
537,94.82835814624839,calm_trend
538,94.89361877717991,calm_trend
539,95.71042138528195,calm_trend
540,94.31838196232141,calm_trend
541,93.95596967619048,calm_trend
542,95.21872674448159,calm_trend
543,95.33736978419972,calm_trend
544,95.75353119182141,calm_trend
545,95.3062717968939,calm_trend
546,94.40062141878069,calm_trend
547,94.59091583279198,calm_trend
548,94.92913432397123,calm_trend
549,94.63998743850833,calm_trend
550,93.87139562132485,calm_trend
551,93.4719960496673,calm_trend
552,95.00456640980912,calm_trend
553,94.6303545797069,calm_trend
554,94.53576837078366,calm_trend
555,94.502627259272,calm_trend
556,94.47194532757526,calm_trend
557,93.40722409691213,calm_trend
558,92.53282242009055,calm_trend
559,93.62303863543364,calm_trend
560,94.01925632087885,calm_trend
561,94.12644266253872,calm_trend
562,93.25999896791812,calm_trend
563,93.41089647014029,calm_trend
564,93.41276946341695,calm_trend
565,93.85424900254586,calm_trend
566,94.06779254984622,calm_trend
567,91.87232331786333,calm_trend
568,92.03458433292764,calm_trend
569,91.84800518408429,calm_trend
570,92.38904313208508,calm_trend
571,90.95679009228165,calm_trend
572,91.23704626906728,calm_trend
573,91.52130341949783,calm_trend
574,92.51496243492679,calm_trend
575,92.39233787985337,calm_trend
576,93.78143662044398,calm_trend
577,93.81449990599846,calm_trend
578,92.62394200809008,calm_trend
579,92.95664311688557,calm_trend
580,93.00165769988578,calm_trend
581,92.28933362319702,calm_trend
582,93.56372890681149,calm_trend
583,93.63013401236087,calm_trend
584,94.09844991349311,calm_trend
585,94.22581407087014,calm_trend
586,95.30301317050964,calm_trend
587,95.43514910247593,calm_trend
588,95.62690906857328,calm_trend
589,95.19775044563728,calm_trend
590,95.04590993796008,calm_trend
591,95.29278299674866,calm_trend
592,94.00330730194351,calm_trend
593,94.40820294467072,calm_trend
594,94.89972172401055,calm_trend
595,94.98637587011667,calm_trend
596,95.22655944581483,calm_trend
597,95.01472539210566,calm_trend
598,94.10438062994135,calm_trend
599,94.04185976680567,calm_trend
600,94.33808234283183,calm_trend
601,93.62840347435714,calm_trend
602,93.7103333556208,calm_trend
603,93.66338897596478,calm_trend
604,93.37308765657633,calm_trend
605,94.46225575680975,calm_trend
606,95.09142423232316,calm_trend
607,95.24791168463214,calm_trend
608,94.65751882555834,calm_trend
609,93.22125023294042,calm_trend
610,92.72817294609877,calm_trend
611,93.20390291725698,calm_trend
612,94.0379656983346,calm_trend
613,95.15760281578348,calm_trend
614,96.02091115899128,calm_trend
615,96.39688413880826,calm_trend
616,95.90718286693527,calm_trend
617,95.57035484660766,calm_trend
618,96.26127084404644,calm_trend
619,96.20216664967845,calm_trend
620,95.13100859898054,calm_trend
621,95.87002407161002,calm_trend
622,95.62001439360375,calm_trend
623,95.47987206234774,calm_trend
624,95.24735596429466,calm_trend
625,95.3464101150309,calm_trend
626,96.26383435370157,calm_trend
627,96.06770880900484,calm_trend
628,96.39228919578724,calm_trend
629,95.90977347371972,calm_trend
630,95.18814224764276,calm_trend
631,95.44876184087705,calm_trend
632,95.90489688683442,calm_trend
633,95.803893374917,calm_trend
634,95.81660435656404,calm_trend
635,94.95736442600749,calm_trend
636,94.7039219937778,calm_trend
637,95.4981977499491,calm_trend
638,95.65385500450397,calm_trend
639,95.25524979447025,calm_trend
640,95.48751029614141,calm_trend
641,95.35902589112548,calm_trend
642,94.98747796465132,calm_trend
643,95.05240481775985,calm_trend
644,94.88697853718092,calm_trend
645,95.11985573383258,calm_trend
646,94.9864444402952,calm_trend
647,95.89082112123239,calm_trend
648,96.07071188863306,calm_trend
649,95.40578004817579,calm_trend
650,95.4083279751603,calm_trend
651,95.39338696401518,calm_trend
652,95.37576598364603,calm_trend
653,95.5289397036773,calm_trend
654,96.32513383311382,calm_trend
655,95.44055820260874,calm_trend
656,95.40655228823718,calm_trend
657,95.27606834413643,calm_trend
658,94.1533523547515,calm_trend
659,94.03485973921443,calm_trend
660,94.85286146435094,calm_trend
661,94.86851301202181,calm_trend
662,95.26365058989778,calm_trend
663,96.70222496412684,calm_trend
664,96.23820903457512,calm_trend
665,97.68453988977996,calm_trend
666,96.71803880828696,calm_trend
667,96.61248789527156,calm_trend
668,96.58155961459069,calm_trend
669,97.20228971085396,calm_trend
670,97.24761233936367,calm_trend
671,97.69325228418754,calm_trend
672,97.34168735735052,calm_trend
673,98.91194710161524,calm_trend
674,97.43244985824086,calm_trend
675,97.64659633866137,calm_trend
676,98.1039863750221,calm_trend
677,98.74727718768658,calm_trend
678,98.03098532834869,calm_trend
679,98.8744774082399,calm_trend
680,97.98515702147353,calm_trend
681,98.6467303965483,calm_trend
682,98.96394882324304,calm_trend
683,99.58504023464859,calm_trend
684,100.81114501744439,calm_trend
685,101.24703564904726,calm_trend
686,102.18303088742111,calm_trend
687,102.49627820690488,calm_trend
688,102.50838625466203,calm_trend
689,102.71389071303933,calm_trend
690,103.08686948781263,calm_trend
691,103.68337087326276,calm_trend
692,103.35062519068494,calm_trend
693,103.84479887319,calm_trend
694,104.52791471158902,calm_trend
695,104.31883979331364,calm_trend
696,104.96101161988678,calm_trend
697,104.23744832186786,calm_trend
698,104.16152926919794,calm_trend
699,103.2906648711368,calm_trend
700,103.36361584702067,calm_trend
701,101.76659806240863,calm_trend
702,101.80487368818277,calm_trend
703,101.22303918534551,calm_trend
704,101.6270057381522,calm_trend
705,101.80222755182544,calm_trend
706,101.53139859992352,calm_trend
707,102.21255733223205,calm_trend
708,102.23632482092391,calm_trend
709,102.01313323850398,calm_trend
710,101.40776061862522,calm_trend
711,101.1117178402193,calm_trend
712,100.13336209255458,calm_trend
713,99.5448225615133,calm_trend
714,98.88339972645474,calm_trend
715,99.08381102009766,calm_trend
716,98.53417150982129,calm_trend
717,98.12798717613511,calm_trend
718,98.87625814689228,calm_trend
719,99.19525708483478,calm_trend
720,98.57440554727576,calm_trend
721,98.2836389448445,calm_trend
722,97.66068574937464,calm_trend
723,96.56033150095348,calm_trend
724,96.4028415823675,calm_trend
725,96.27617061422538,calm_trend
726,96.29292622761089,calm_trend
727,96.48154973805063,calm_trend
728,97.23791029006334,calm_trend
729,96.7319177000325,calm_trend
730,96.75752704559741,calm_trend
731,96.60168402736107,calm_trend
732,96.91975819501413,calm_trend
733,97.21411516524483,calm_trend
734,97.39874362540901,calm_trend
735,96.8260522541758,calm_trend
736,96.12465271041445,calm_trend
737,96.22189424835841,calm_trend
738,96.16919991925563,calm_trend
739,95.9795078940657,calm_trend
740,95.91954511012746,calm_trend
741,95.82697614777966,calm_trend
742,95.28732216016157,calm_trend
743,94.59123577388557,calm_trend
744,94.05266346495489,calm_trend
745,94.56625820324889,calm_trend
746,94.3019966785511,calm_trend
747,93.76281714532756,calm_trend
748,94.68829407170634,calm_trend
749,94.17934947957087,calm_trend
750,94.96169961020955,calm_trend
751,94.8252506737855,calm_trend
752,94.5296412551605,calm_trend
753,94.54158560924446,calm_trend
754,94.8333793122571,calm_trend
755,95.08184019754417,calm_trend
756,95.19329582044348,calm_trend
757,95.53923392550925,calm_trend
758,94.61502143071242,calm_trend
759,93.78260054690404,calm_trend
760,94.29353937492988,calm_trend
761,94.21393507203588,calm_trend
762,93.47404600996782,calm_trend
763,92.38385906700753,calm_trend
764,92.07954160867614,calm_trend
765,91.69436982643235,calm_trend
766,91.61510367781338,calm_trend
767,91.99388205169438,calm_trend
768,92.80340563683811,calm_trend
769,92.12269746078898,calm_trend
770,91.39252248515069,calm_trend
771,91.08489548926023,calm_trend
772,91.14672387012803,calm_trend
773,90.23686771845885,calm_trend
774,89.80996845901151,calm_trend
775,89.74321893759586,calm_trend
776,89.42293828257452,calm_trend
777,89.72154448472548,calm_trend
778,90.44177609387705,calm_trend
779,90.46225286678661,calm_trend
780,90.86098792012898,calm_trend
781,90.83188614750911,calm_trend
782,90.59722751005225,calm_trend
783,90.80687493585424,calm_trend
784,91.25575220529316,calm_trend
785,91.75728465198019,calm_trend
786,91.57941473491498,calm_trend
787,91.63951924075928,calm_trend
788,91.69396934486858,calm_trend
789,91.65593872822052,calm_trend
790,91.31561204926888,calm_trend
791,90.98955305661116,calm_trend
792,90.99721178275311,calm_trend
793,91.48900822517012,calm_trend
794,92.49460554946026,calm_trend
795,92.89781291321886,calm_trend
796,92.28979871180923,calm_trend
797,91.88167378293757,calm_trend
798,91.86645132987756,calm_trend
799,91.4100646816439,calm_trend
800,91.49531725577305,calm_trend
801,91.20446210501004,calm_trend
802,90.66821292048903,calm_trend
803,90.5334115507072,calm_trend
804,90.73864726095525,calm_trend
805,90.92495565000876,calm_trend
806,91.07080417434635,calm_trend
807,92.31207179147839,calm_trend
808,91.92809202737972,calm_trend
809,91.24846950952245,calm_trend
810,91.72636285758469,calm_trend
811,91.52930637771173,calm_trend
812,91.2187750396509,calm_trend
813,90.84528864893049,calm_trend
814,90.15112204495087,calm_trend
815,90.29616401573008,calm_trend
816,88.28561305163383,calm_trend
817,87.30039077835086,calm_trend
818,86.62013604662809,calm_trend
819,87.13238577908346,calm_trend
820,86.77763847894067,calm_trend
821,86.00708364063122,calm_trend
822,85.63850803900712,calm_trend
823,86.13036680517455,calm_trend
824,85.69088465921334,calm_trend
825,85.45277032819777,calm_trend
826,85.78130666756952,calm_trend
827,85.28873928314431,calm_trend
828,85.3541302952478,calm_trend
829,85.81011509475495,calm_trend
830,85.57277817526868,calm_trend
831,84.92083204960178,calm_trend
832,84.90684739618247,calm_trend
833,84.91466970823338,calm_trend
834,85.12173159133891,calm_trend
835,85.58456573915798,calm_trend
836,86.60011684427424,calm_trend
837,86.78119074541135,calm_trend
838,86.24758848247131,calm_trend
839,87.15538446546512,calm_trend
840,87.4222372189198,calm_trend
841,86.95916858071774,calm_trend
842,87.11302468064396,calm_trend
843,87.53085172163814,calm_trend
844,87.69506085025711,calm_trend
845,87.46471875616008,calm_trend
846,86.59338447054297,calm_trend
847,86.95514391242877,calm_trend
848,86.01139912693222,calm_trend
849,85.78571337781378,calm_trend
850,86.79179956836806,calm_trend
851,86.47398341104906,calm_trend
852,86.43478507390797,calm_trend
853,87.64084355679275,calm_trend
854,87.7408759616344,calm_trend
855,87.84867675583155,calm_trend
856,87.70446663976489,calm_trend
857,88.3336507422581,calm_trend
858,88.51310301663287,calm_trend
859,89.76659577502737,calm_trend
860,89.02773559435914,calm_trend
861,88.7489737521876,calm_trend
862,88.10091720031676,calm_trend
863,87.65326881490324,calm_trend
864,88.61786030387155,calm_trend
865,89.18865083996859,calm_trend
866,89.60585563964617,calm_trend
867,89.928168548674,calm_trend
868,89.50041897337529,calm_trend
869,88.8253360256995,calm_trend
870,88.18566986306419,calm_trend
871,88.89649574533611,calm_trend
872,87.91666563654638,calm_trend
873,87.39361210845931,calm_trend
874,86.97472443548818,calm_trend
875,87.64094049997374,calm_trend
876,87.67940164899203,calm_trend
877,87.59754276178047,calm_trend
878,86.90671625903727,calm_trend
879,87.73325324109082,calm_trend
880,87.25615708415249,calm_trend
881,87.34767352961607,calm_trend
882,86.81617100382861,calm_trend
883,87.7715429785271,calm_trend
884,87.75529041489347,calm_trend
885,88.33736699372105,calm_trend
886,89.41277531345257,calm_trend
887,89.07849957780117,calm_trend
888,89.10884685402038,calm_trend
889,89.5988025844115,calm_trend
890,89.76390562307205,calm_trend
891,90.41594283428688,calm_trend
892,91.56587175736891,calm_trend
893,90.98883561706342,calm_trend
894,90.19962564703302,calm_trend
895,90.33896843067443,calm_trend
896,91.4252715599362,calm_trend
897,91.6412597798589,calm_trend
898,91.31954146236149,calm_trend
899,91.46237433347395,calm_trend
900,91.45550376815521,calm_trend
901,92.2741393913721,calm_trend
902,92.47283645035995,calm_trend
903,92.11068522199785,calm_trend
904,92.28457756773652,calm_trend
905,91.08342081585626,calm_trend
906,91.59041747459617,calm_trend
907,92.23993580452193,calm_trend
908,91.79007186664668,calm_trend
909,91.49853945767791,calm_trend
910,91.9980179063699,calm_trend
911,92.02969480418126,calm_trend
912,91.50731280148875,calm_trend
913,91.87457267989598,calm_trend
914,91.43219356034074,calm_trend
915,92.19015995153626,calm_trend
916,92.13012371988421,calm_trend
917,91.14589080955798,calm_trend
918,91.49541383371869,calm_trend
919,90.76254116161934,calm_trend
920,90.47320613453958,calm_trend
921,90.26359158835128,calm_trend
922,90.43881003129779,calm_trend
923,90.85187971548459,calm_trend
924,90.61939039160352,calm_trend
925,89.80018054113692,calm_trend
926,89.87433379693356,calm_trend
927,89.83107509089876,calm_trend
928,89.34508437958623,calm_trend
929,89.75102324523405,calm_trend
930,89.47602380918116,calm_trend
931,88.83703640481028,calm_trend
932,88.46829737629386,calm_trend
933,87.85698057593454,calm_trend
934,87.52468354470112,calm_trend
935,87.82016964216592,calm_trend
936,88.088950762476,calm_trend
937,86.94429523230069,calm_trend
938,86.40395115437906,calm_trend
939,86.11942068563242,calm_trend
940,86.03312921174684,calm_trend
941,85.96865528041866,calm_trend
942,85.73474792334372,calm_trend
943,85.66556357683513,calm_trend
944,85.80539510058394,calm_trend
945,86.10453362365794,calm_trend
946,85.41952143445998,calm_trend
947,86.09443443052507,calm_trend
948,85.77300507687845,calm_trend
949,85.30592494192463,calm_trend
950,85.16236401533956,calm_trend
951,85.04893578184286,calm_trend
952,85.26258096584341,calm_trend
953,85.54940107904233,calm_trend
954,84.80884529370765,calm_trend
955,84.66518889084368,calm_trend
956,84.54428511150824,calm_trend
957,84.1790407025507,calm_trend
958,84.0283398573683,calm_trend
959,84.87860232275798,calm_trend
960,84.69179756297042,calm_trend
961,84.16587710029619,calm_trend
962,83.84062292811045,calm_trend
963,84.1303776325573,calm_trend
964,82.84183068903916,calm_trend
965,83.44446270759511,calm_trend
966,83.64403610512986,calm_trend
967,82.57926725631313,calm_trend
968,81.9841907796483,calm_trend
969,81.42640923332807,calm_trend
970,80.94808709427812,calm_trend
971,81.6497425529507,calm_trend
972,82.28688631562957,calm_trend
973,81.93176851594491,calm_trend
974,81.30420848935317,calm_trend
975,81.09298778162709,calm_trend
976,81.62306235688263,calm_trend
977,81.98537225725099,calm_trend
978,82.09853661708355,calm_trend
979,81.83262294416406,calm_trend
980,81.38212267437082,calm_trend
981,82.1348288558432,calm_trend
982,81.6057788902272,calm_trend
983,81.90350859174988,calm_trend
984,82.19872473672459,calm_trend
985,82.21843611249018,calm_trend
986,83.07182713410677,calm_trend
987,83.35286404248643,calm_trend
988,83.11906375844129,calm_trend
989,83.75923556107628,calm_trend
990,84.014471915146,calm_trend
991,83.4282687484545,calm_trend
992,83.19568180071826,calm_trend
993,83.36008229225261,calm_trend
994,82.50820369088257,calm_trend
995,82.21239051302493,calm_trend
996,82.63323536604764,calm_trend
997,82.81398044591728,calm_trend
998,82.15071399406443,calm_trend
999,82.25951318103961,calm_trend
1000,82.27335367324694,volatile
1001,82.05639018981034,volatile
1002,81.63667978485866,volatile
1003,81.54643605014816,volatile
1004,82.20163959744313,volatile
1005,81.55993840162864,volatile
1006,81.26038417899952,volatile
1007,81.08350771113031,volatile
1008,80.81580105676488,volatile
1009,80.96743634314471,volatile
1010,80.79311433629655,volatile
1011,81.04279895327979,volatile
1012,80.9592015722057,volatile
1013,80.99732001491866,volatile
1014,81.25995809876646,volatile
1015,81.57571904184157,volatile
1016,81.14755215000679,volatile
1017,80.81243288087767,volatile
1018,80.60114474373793,volatile
1019,79.682154965835,volatile
1020,79.6460143191721,volatile
1021,79.02094718492076,volatile
1022,79.01617128067944,volatile
1023,80.27312068670939,volatile
1024,80.29083161838481,volatile
1025,80.20037642373643,volatile
1026,80.05563846210465,volatile
1027,80.24900703415848,volatile
1028,79.7052262342803,volatile
1029,79.83757039178808,volatile
1030,79.27241062843613,volatile
1031,79.03661773144528,volatile
1032,79.54669784456031,volatile
1033,79.28273431148035,volatile
1034,79.36649484689886,volatile
1035,79.28881323495003,volatile
1036,78.87388915030868,volatile
1037,79.28271702999668,volatile
1038,79.78581397254007,volatile
1039,79.79460731871383,volatile
1040,79.3599096051534,volatile
1041,79.99759858429987,volatile
1042,79.40588111406488,volatile
1043,79.52052498193693,volatile
1044,79.19760225956482,volatile
1045,80.16628952974574,volatile
1046,79.66164946478051,volatile
1047,79.81140094507387,volatile
1048,79.88417358693867,volatile
1049,80.53886250691949,volatile
1050,80.89943897531047,volatile
1051,82.31370216104914,volatile
1052,82.29416715947184,volatile
1053,82.71267517597451,volatile
1054,82.86561458988665,volatile
1055,82.00821159117538,volatile
1056,81.45124386977837,volatile
1057,81.32172225844508,volatile
1058,80.7578841445704,volatile
1059,79.97041976449648,volatile
1060,80.2949256981639,volatile
1061,79.32506372524269,volatile
1062,80.35965751824374,volatile
1063,80.57602428440246,volatile
1064,80.5845011596062,volatile
1065,80.36392444439889,volatile
1066,79.66491750175406,volatile
1067,79.31876351749682,volatile
1068,79.65988341537533,volatile
1069,79.69236777335745,volatile
1070,78.92917468814407,volatile
1071,79.29430026991893,volatile
1072,78.5504999441151,volatile
1073,79.09979906589545,volatile
1074,80.36862834019321,volatile
1075,80.01978124418041,volatile
1076,80.35385965771908,volatile
1077,80.5965111382693,volatile
1078,80.57021389617324,volatile
1079,81.09215542772023,volatile
1080,81.07002120698408,volatile
1081,80.98045097545061,volatile
1082,80.56720894694448,volatile
1083,80.10861337725431,volatile
1084,80.72770045691034,volatile
1085,81.01144459724844,volatile
1086,80.8697173768273,volatile
1087,80.91365897763433,volatile
1088,80.61235745948778,volatile
1089,80.28729526246502,volatile
1090,80.13757800608393,volatile
1091,79.99221143928143,volatile
1092,80.32729711179566,volatile
1093,79.95818419856039,volatile
1094,79.81169940574279,volatile
1095,79.82122671009864,volatile
1096,79.72324725214096,volatile
1097,79.7571078117506,volatile
1098,79.76253576418745,volatile
1099,79.91161969383086,volatile
1100,79.6135882058383,volatile
1101,79.25406819731107,volatile
1102,79.40615147802656,volatile
1103,79.64691593522092,volatile
1104,79.58229392468103,volatile
1105,79.13960166016705,volatile
1106,79.90422461769899,volatile
1107,80.38841793322132,volatile
1108,80.8774683064878,volatile
1109,81.65493629501252,volatile
1110,81.27398364976342,volatile
1111,81.02518677219189,volatile
1112,81.67411586754788,volatile
1113,81.61938567476344,volatile
1114,82.11362224123295,volatile
1115,81.73233295699607,volatile
1116,81.85092116291587,volatile
1117,80.96304295464174,volatile
1118,80.9704451311715,volatile
1119,81.04401132513662,volatile
1120,81.01741358911282,volatile
1121,81.44348405341022,volatile
1122,80.78185998162472,volatile
1123,81.16661362237154,volatile
1124,82.13919044801771,volatile
1125,82.7361188293844,volatile
1126,83.19425326670368,volatile
1127,83.76260404813644,volatile
1128,83.31738819168416,volatile
1129,83.11461020048239,volatile
1130,83.11506734021523,volatile
1131,81.57757160884408,volatile
1132,80.57010493657681,volatile
1133,80.28868525443401,volatile
1134,80.11056653284675,volatile
1135,79.57331131602783,volatile
1136,79.00201039990438,volatile
1137,78.59712412762853,volatile
1138,78.38386841704536,volatile
1139,78.18339099389381,volatile
1140,77.67429028724206,volatile
1141,77.73960643968948,volatile
1142,77.55369112264475,volatile
1143,76.86496578193862,volatile
1144,76.58597270069933,volatile
1145,77.09002050585413,volatile
1146,77.42633671196083,volatile
1147,77.42992470302096,volatile
1148,76.64325263314433,volatile
1149,77.67287194115595,volatile
1150,77.71325707674589,volatile
1151,77.79477540663623,volatile
1152,77.9004593836165,volatile
1153,77.87798618475287,volatile
1154,78.26965495878197,volatile
1155,78.70188863464732,volatile
1156,77.78394338054176,volatile
1157,78.15850951470233,volatile
1158,77.52419655304077,volatile
1159,76.79558686357836,volatile
1160,77.29663585964204,volatile
1161,77.38797956816988,volatile
1162,76.94794205783721,volatile
1163,76.83040826613406,volatile
1164,76.70551643614887,volatile
1165,76.46809415598246,volatile
1166,76.43626480918192,volatile
1167,76.82794941270107,volatile
1168,77.09848143630687,volatile
1169,77.84214721603001,volatile
1170,78.07949100391177,volatile
1171,77.369679239331,volatile
1172,77.32253711417198,volatile
1173,76.76796935650843,volatile
1174,76.42352646444357,volatile
1175,76.96528232394617,volatile
1176,77.15822010239978,volatile
1177,77.24140768580858,volatile
1178,77.94489384177433,volatile
1179,77.63924589276682,volatile
1180,77.10917481313643,volatile
1181,77.34531501883423,volatile
1182,77.23943335934264,volatile
1183,76.93936560344595,volatile
1184,76.98425113461091,volatile
1185,76.72858032141063,volatile
1186,76.98807400897748,volatile
1187,76.58685620202515,volatile
1188,76.33291685160867,volatile
1189,76.27044744160918,volatile
1190,76.1491664088387,volatile
1191,76.35299059186602,volatile
1192,76.29245132945809,volatile
1193,76.56490230575145,volatile
1194,76.18117432534294,volatile
1195,76.3629305339477,volatile
1196,75.92179933871704,volatile
1197,75.84595213889132,volatile
1198,75.36308714783262,volatile
1199,75.53988428597782,volatile
1200,75.35277009007599,volatile
1201,75.61707488111107,volatile
1202,75.75598143409555,volatile
1203,75.9117476704188,volatile
1204,75.84379855985293,volatile
1205,75.95106218472154,volatile
1206,75.84174874173695,volatile
1207,76.14758727880711,volatile
1208,76.72343358530485,volatile
1209,76.19726027977987,volatile
1210,76.28007203357919,volatile
1211,76.10170981759202,volatile
1212,76.67074055549965,volatile
1213,76.96061063078088,volatile
1214,77.15356046551841,volatile
1215,77.22141722861453,volatile
1216,77.17183778747528,volatile
1217,77.59702967902355,volatile
1218,77.83710922643486,volatile
1219,77.8852439273591,volatile
1220,78.09536821834503,volatile
1221,78.1349595924566,volatile
1222,78.68515978658982,volatile
1223,78.74954437871608,volatile
1224,78.96404878214578,volatile
1225,79.57355032987657,volatile
1226,79.62190041386856,volatile
1227,79.71666144448373,volatile
1228,79.7130045751463,volatile
1229,79.8491502541757,volatile
1230,79.4784698455996,volatile
1231,80.01307810532565,volatile
1232,80.13527565780569,volatile
1233,79.75336762227896,volatile
1234,80.03147946202719,volatile
1235,80.56439482578416,volatile
1236,80.99954831239626,volatile
1237,81.30311187439077,volatile
1238,81.3651197519124,volatile
1239,81.22073014671483,volatile
1240,81.74007060311779,volatile
1241,81.21500075164289,volatile
1242,80.90740416768479,volatile
1243,80.8299682161982,volatile
1244,79.99162744966414,volatile
1245,79.91079342543564,volatile
1246,80.03941967726472,volatile
1247,80.0248335542588,volatile
1248,80.48457816819386,volatile
1249,80.60009349316822,volatile
1250,80.713394286091,volatile
1251,80.60040756908693,volatile
1252,80.80508558269108,volatile
1253,81.02351786115344,volatile
1254,81.27770559613184,volatile
1255,80.73989512463315,volatile
1256,80.7586764498133,volatile
1257,80.52294932048314,volatile
1258,80.93758470215128,volatile
1259,80.67460003312924,volatile
1260,81.05236846321013,volatile
1261,81.54847381938725,volatile
1262,81.3573598909175,volatile
1263,81.21192994354635,volatile
1264,81.64775352435261,volatile
1265,81.37420957115397,volatile
1266,81.7809910781633,volatile
1267,82.31102648165222,volatile
1268,82.42119656070953,volatile
1269,82.54793953224073,volatile
1270,82.40057912362069,volatile
1271,81.88897809183796,volatile
1272,82.74340214919785,volatile
1273,82.4669298210617,volatile
1274,82.41020226827146,volatile
1275,82.39545279954258,volatile
1276,82.29191216896807,volatile
1277,82.90072726993833,volatile
1278,82.4582869167924,volatile
1279,81.72333634076139,volatile
1280,81.3074627714785,volatile
1281,81.25703097931813,volatile
1282,80.52299122458051,volatile
1283,81.24299335787147,volatile
1284,81.92085694591782,volatile
1285,81.43675373318257,volatile
1286,81.99794652094072,volatile
1287,82.60920306623211,volatile
1288,81.88189830661926,volatile
1289,81.3565863796276,volatile
1290,81.19100007984692,volatile
1291,81.53420979525632,volatile
1292,80.84690317732483,volatile
1293,80.28140454467761,volatile
1294,79.52145822113968,volatile
1295,79.86840539728068,volatile
1296,79.45514329365737,volatile
1297,79.47442441382702,volatile
1298,79.24751168394678,volatile
1299,78.9856160336271,volatile
1300,78.68825007807037,volatile
1301,79.42742827926199,volatile
1302,78.81330516114703,volatile
1303,78.31980084047352,volatile
1304,77.79886179078406,volatile
1305,78.2290945153298,volatile
1306,77.49225348455158,volatile
1307,77.13475562339369,volatile
1308,77.39644365417918,volatile
1309,77.32419681235822,volatile
1310,77.29117591009258,volatile
1311,77.37945694161591,volatile
1312,77.58406056758214,volatile
1313,77.79432340452612,volatile
1314,77.6764787348884,volatile
1315,77.61871385943445,volatile
1316,77.39674435842055,volatile
1317,77.25922780714252,volatile
1318,77.0719078757527,volatile
1319,77.0904993013937,volatile
1320,76.63613508492644,volatile
1321,76.25072656607858,volatile
1322,76.84457955567832,volatile
1323,76.54370345662426,volatile
1324,76.14253564096217,volatile
1325,75.65791720319852,volatile
1326,75.19654335794918,volatile
1327,75.45582505458225,volatile
1328,75.17916685223517,volatile
1329,75.54818438348256,volatile
1330,75.55972583149997,volatile
1331,75.664987515274,volatile
1332,75.27483682039869,volatile
1333,75.73186688065735,volatile
1334,75.84476840936586,volatile
1335,76.06745889200961,volatile
1336,75.96186282518403,volatile
1337,76.43564108965637,volatile
1338,76.978391363308,volatile
1339,76.12025643949629,volatile
1340,75.98517446002721,volatile
1341,76.0331650817229,volatile
1342,76.41233751543517,volatile
1343,76.52602679828145,volatile
1344,76.06182298233621,volatile
1345,76.33291425857178,volatile
1346,76.39725167161562,volatile
1347,76.63959648816531,volatile
1348,76.55020897742187,volatile
1349,76.63404402982698,volatile
1350,76.47772697438201,volatile
1351,76.55581974736775,volatile
1352,76.70800082862921,volatile
1353,76.9554710996828,volatile
1354,77.23133431624338,volatile
1355,76.98258226287248,volatile
1356,77.26891794546938,volatile
1357,77.31037458874344,volatile
1358,77.44228153716544,volatile
1359,77.78211300607077,volatile
1360,77.90025624841272,volatile
1361,77.77713417182056,volatile
1362,77.70354543033272,volatile
1363,78.0542785304761,volatile
1364,77.82444640643156,volatile
1365,77.63520372950472,volatile
1366,77.65573015861997,volatile
1367,77.75500463850697,volatile
1368,77.6662835889184,volatile
1369,77.61388171347959,volatile
1370,77.5887740594359,volatile
1371,78.10002230278106,volatile
1372,78.27421112449164,volatile
1373,78.82518684412308,volatile
1374,78.87727067219974,volatile
1375,79.24134501449001,volatile
1376,79.18274558585112,volatile
1377,78.83028255670483,volatile
1378,78.66510181084492,volatile
1379,78.84116908793389,volatile
1380,78.93837862259308,volatile
1381,79.19343251223683,volatile
1382,79.36215270189376,volatile
1383,79.86270900263364,volatile
1384,80.00559248475075,volatile
1385,79.66764533371784,volatile
1386,79.92663626742336,volatile
1387,79.54693249762263,volatile
1388,79.63220217405173,volatile
1389,79.61962215563163,volatile
1390,79.52213683214461,volatile
1391,79.46755393834815,volatile
1392,79.68512332863438,volatile
1393,79.72733097406078,volatile
1394,79.835494891927,volatile
1395,79.82314832178648,volatile
1396,79.71464576488937,volatile
1397,79.52552481186255,volatile
1398,79.9032896478685,volatile
1399,80.0526270213582,volatile
1400,80.28778795784059,volatile
1401,80.08249197241207,volatile
1402,80.47309037192029,volatile
1403,80.4261622237788,volatile
1404,80.43031638679979,volatile
1405,80.42872536942252,volatile
1406,80.81861087168207,volatile
1407,80.85666315769794,volatile
1408,81.08243434871784,volatile
1409,81.07915253037156,volatile
1410,81.1875056357725,volatile
1411,81.3621622217964,volatile
1412,80.8868215314783,volatile
1413,81.4433965087302,volatile
1414,82.10023289511896,volatile
1415,82.26445110620924,volatile
1416,82.62101232016572,volatile
1417,82.14143130290772,volatile
1418,81.88309548622031,volatile
1419,82.33038251148854,volatile
1420,82.19285841080696,volatile
1421,81.89881112232557,volatile
1422,81.79516793166789,volatile
1423,82.11620694209164,volatile
1424,82.70571447683288,volatile
1425,82.87302271599106,volatile
1426,83.39297688387373,volatile
1427,82.55731878089233,volatile
1428,83.41439823714022,volatile
1429,83.35470649604395,volatile
1430,83.54357129032634,volatile
1431,83.77278187925599,volatile
1432,83.43121829991715,volatile
1433,83.3758910883584,volatile
1434,83.35982010693088,volatile
1435,83.89212788099955,volatile
1436,83.61850170951878,volatile
1437,83.35246357181502,volatile
1438,83.82718926833967,volatile
1439,83.83115732216493,volatile
1440,83.86094412553146,volatile
1441,83.85126908606335,volatile
1442,83.33388143892064,volatile
1443,83.79435891063157,volatile
1444,83.54300365910693,volatile
1445,83.16411767973204,volatile
1446,82.93623709075986,volatile
1447,83.0707851140622,volatile
1448,83.04161775862822,volatile
1449,82.97272265545891,volatile
1450,82.96975708662607,volatile
1451,83.17412497041963,volatile
1452,83.47877053406032,volatile
1453,83.951714148954,volatile
1454,83.73769156308065,volatile
1455,84.346573899669,volatile
1456,84.38712588053477,volatile
1457,85.01268284870287,volatile
1458,85.00514834318095,volatile
1459,85.08750007605143,volatile
1460,85.04119882170127,volatile
1461,85.0781429404346,volatile
1462,85.34807896653689,volatile
1463,85.3279936826609,volatile
1464,85.60806209373001,volatile
1465,85.40754785682309,volatile
1466,85.27842173082958,volatile
1467,85.16343409297887,volatile
1468,85.21626247772093,volatile
1469,85.25618692697184,volatile
1470,84.41701043677219,volatile
1471,83.9265027801225,volatile
1472,84.28153985241754,volatile
1473,84.3998297431285,volatile
1474,84.30796117425172,volatile
1475,83.6644003556722,volatile
1476,83.33969960523146,volatile
1477,83.09395494411267,volatile
1478,83.00696376854745,volatile
1479,82.94767307751488,volatile
1480,83.13761908124594,volatile
1481,83.31804324832214,volatile
1482,83.16804108775499,volatile
1483,83.33496583543506,volatile
1484,83.24915998323745,volatile
1485,82.73329489244858,volatile
1486,83.17563783172508,volatile
1487,83.24588115813432,volatile
1488,82.73966081281385,volatile
1489,83.2251893673141,volatile
1490,83.03096489107244,volatile
1491,82.72587429587867,volatile
1492,82.98399494728073,volatile
1493,82.63227159255456,volatile
1494,82.88088355191589,volatile
1495,82.55185509237356,volatile
1496,83.21354493122965,volatile
1497,82.86893976720869,volatile
1498,83.06835897719316,volatile
1499,82.85047412717228,volatile
1500,82.76693684290628,volatile
1501,82.41127725515214,volatile
1502,82.66607291241614,volatile
1503,82.12018380721086,volatile
1504,82.05493127333797,volatile
1505,81.76181117263525,volatile
1506,82.4480821032121,volatile
1507,81.93979485421258,volatile
1508,81.89475077906033,volatile
1509,82.06980542771609,volatile
1510,81.97429812347157,volatile
1511,82.31766049745815,volatile
1512,82.23079243662066,volatile
1513,82.70783679079456,volatile
1514,82.91446615828457,volatile
1515,83.25690874929788,volatile
1516,83.02395820809586,volatile
1517,83.66794197679702,volatile
1518,83.37470924237269,volatile
1519,83.05026473266831,volatile
1520,83.4407872140158,volatile
1521,83.1190131967801,volatile
1522,83.70057675495023,volatile
1523,84.11551589794605,volatile
1524,83.48847381336715,volatile
1525,83.95809969204647,volatile
1526,85.1457277300155,volatile
1527,85.39818843086998,volatile
1528,85.48877693661225,volatile
1529,86.11196572505034,volatile
1530,85.78519717760929,volatile
1531,86.02417204936538,volatile
1532,86.13437503264286,volatile
1533,86.05577914952481,volatile
1534,86.1554242636119,volatile
1535,85.97244738159773,volatile
1536,85.42880074380119,volatile
1537,86.04205014366747,volatile
1538,85.32758793676584,volatile
1539,84.86476658604603,volatile
1540,84.73735673932285,volatile
1541,84.79629898359684,volatile
1542,84.44534531380862,volatile
1543,84.25698531988995,volatile
1544,83.79384659676127,volatile
1545,83.71237021367473,volatile
1546,82.95154347099495,volatile
1547,82.56214423596906,volatile
1548,82.81355479045855,volatile
1549,82.7795078342545,volatile
1550,82.60723242735949,volatile
1551,82.10300063990023,volatile
1552,82.27709358616701,volatile
1553,82.61994109910543,volatile
1554,82.22042898388682,volatile
1555,82.80141723313511,volatile
1556,82.2912109520813,volatile
1557,83.17315816605898,volatile
1558,82.9876188055834,volatile
1559,83.73819189305374,volatile
1560,83.23003839744871,volatile
1561,82.9942329287506,volatile
1562,81.88257262194415,volatile
1563,82.11555021678869,volatile
1564,82.33147825100437,volatile
1565,82.29643877215825,volatile
1566,82.34982712497421,volatile
1567,82.07367193133567,volatile
1568,81.31123974937337,volatile
1569,81.25358184769868,volatile
1570,80.81164461580727,volatile
1571,80.41824899445466,volatile
1572,79.90508676904534,volatile
1573,79.51476605765181,volatile
1574,79.41551242890745,volatile
1575,78.90653039271211,volatile
1576,78.98714367794663,volatile
1577,79.08080504948943,volatile
1578,78.64152315584889,volatile
1579,78.3397891088534,volatile
1580,78.71986709449575,volatile
1581,79.68494433128014,volatile
1582,79.80483181634997,volatile
1583,79.90678453115957,volatile
1584,80.40122541538506,volatile
1585,79.71828141391316,volatile
1586,79.36947667371653,volatile
1587,79.92709852075753,volatile
1588,79.54275850529622,volatile
1589,80.09705612764111,volatile
1590,79.41750510202368,volatile
1591,79.45205486894021,volatile
1592,79.58411538179267,volatile
1593,79.47706524516099,volatile
1594,78.93997767352008,volatile
1595,78.25030115446744,volatile
1596,78.68961353512147,volatile
1597,78.55864510839515,volatile
1598,78.72378698237111,volatile
1599,78.8495999339333,volatile
1600,79.99105280996196,volatile
1601,79.14257872003324,volatile
1602,79.11885444093579,volatile
1603,79.31792965398577,volatile
1604,79.84571353255006,volatile
1605,79.24582403402884,volatile
1606,79.3356793106044,volatile
1607,78.88761146049225,volatile
1608,79.21655383004678,volatile
1609,79.04262583404794,volatile
1610,78.69400393993017,volatile
1611,78.10155005186573,volatile
1612,78.55315206555643,volatile
1613,78.75757226920881,volatile
1614,78.15972194865533,volatile
1615,77.40274422402653,volatile
1616,77.18606995205165,volatile
1617,76.88354692038686,volatile
1618,77.02629482687547,volatile
1619,77.27918438100043,volatile
1620,77.37322300673787,volatile
1621,76.91087923364486,volatile
1622,77.26474407534538,volatile
1623,77.2629789242684,volatile
1624,77.32143774171973,volatile
1625,77.14919584983132,volatile
1626,77.169010990898,volatile
1627,77.10860843909653,volatile
1628,77.05756868245852,volatile
1629,76.87762015752905,volatile
1630,77.11780610270242,volatile
1631,77.22825124978266,volatile
1632,77.25468014878487,volatile
1633,77.55525695869056,volatile
1634,77.67970433104476,volatile
1635,77.9925633465392,volatile
1636,78.60704754388456,volatile
1637,78.44943376153684,volatile
1638,78.60349107543314,volatile
1639,78.75968424687451,volatile
1640,79.04685531462133,volatile
1641,78.99267831217286,volatile
1642,78.9628522212409,volatile
1643,79.1425760223859,volatile
1644,79.45519461857985,volatile
1645,80.10551619378899,volatile
1646,80.08514369802336,volatile
1647,79.99420469317374,volatile
1648,80.41558682577002,volatile
1649,80.12085981951812,volatile
1650,80.0864695523799,volatile
1651,79.68616370378686,volatile
1652,79.592022496587,volatile
1653,79.5978824280033,volatile
1654,80.01756986326212,volatile
1655,80.15153431005562,volatile
1656,80.0804203503273,volatile
1657,79.9813886267564,volatile
1658,80.10054391469227,volatile
1659,79.90630850725637,volatile
1660,79.55089956416818,volatile
1661,79.66229319698363,volatile
1662,79.60561479847088,volatile
1663,79.54257523370404,volatile
1664,79.89231462046405,volatile
1665,79.86817917470222,volatile
1666,79.47272358330788,volatile
1667,79.39249965013806,volatile
1668,79.42863752019397,volatile
1669,79.40351132724874,volatile
1670,79.40986034590105,volatile
1671,79.7690307076471,volatile
1672,80.2427926884585,volatile
1673,80.30631147359539,volatile
1674,80.22868373412726,volatile
1675,80.1445214980061,volatile
1676,80.06250468661987,volatile
1677,79.99907311660684,volatile
1678,79.99057977333506,volatile
1679,79.79784833919372,volatile
1680,79.95593585957559,volatile
1681,80.2655383662159,volatile
1682,80.29187259976086,volatile
1683,80.69421044280885,volatile
1684,80.85605745190198,volatile
1685,80.68831462858711,volatile
1686,80.83938453211678,volatile
1687,80.39201107677034,volatile
1688,80.78726331636929,volatile
1689,80.90159277409424,volatile
1690,80.72053021187226,volatile
1691,81.32662262026054,volatile
1692,80.88486381645963,volatile
1693,80.28377727132978,volatile
1694,80.21736953898478,volatile
1695,80.81508092763487,volatile
1696,80.33996029909538,volatile
1697,80.58886110253022,volatile
1698,80.45294661219847,volatile
1699,80.14284782522903,volatile
1700,80.41443529623685,volatile
1701,80.07841527817553,volatile
1702,79.93068598177337,volatile
1703,80.06465307653113,volatile
1704,79.57049032057289,volatile
1705,79.80452303368446,volatile
1706,80.15978017421394,volatile
1707,79.87021526749838,volatile
1708,79.45392840896143,volatile
1709,79.10735634395319,volatile
1710,79.14414575107726,volatile
1711,79.0071959944638,volatile
1712,78.73401720664859,volatile
1713,78.50923499712526,volatile
1714,78.44454414074625,volatile
1715,78.01013604265331,volatile
1716,78.10709927532938,volatile
1717,77.53061930394158,volatile
1718,77.7038803305266,volatile
1719,77.9476249065636,volatile
1720,77.9961911723278,volatile
1721,77.85385421472499,volatile
1722,78.09845552304459,volatile
1723,77.77972863967506,volatile
1724,77.9524568780995,volatile
1725,77.68884437327726,volatile
1726,77.11950065916163,volatile
1727,77.3394450452794,volatile
1728,77.60907343135422,volatile
1729,78.05450792406491,volatile
1730,77.95337180529516,volatile
1731,78.46312993963758,volatile
1732,78.54437164691798,volatile
1733,78.87774546982371,volatile
1734,79.04150525735042,volatile
1735,79.2292255151335,volatile
1736,79.04319898740461,volatile
1737,79.30411564581654,volatile
1738,78.85301724574947,volatile
1739,78.95241115022138,volatile
1740,79.27994656587258,volatile
1741,79.40197539191782,volatile
1742,79.6453139573638,volatile
1743,79.69411763503018,volatile
1744,79.61918348406303,volatile
1745,79.80690938687184,volatile
1746,79.88654164249121,volatile
1747,80.07321059277177,volatile
1748,79.8383113010651,volatile
1749,80.45681600651093,volatile
1750,80.03807130836135,volatile
1751,79.95841445285272,volatile
1752,79.8506600526247,volatile
1753,79.64449071512657,volatile
1754,78.7457580139318,volatile
1755,79.15328861809924,volatile
1756,79.03157271451533,volatile
1757,79.23805645478677,volatile
1758,79.38947334120628,volatile
1759,79.52135430587138,volatile
1760,79.33759987680195,volatile
1761,79.31632393375283,volatile
1762,79.63399007526452,volatile
1763,79.37972855378214,volatile
1764,79.24757770613111,volatile
1765,79.2927536939327,volatile
1766,79.46196290724777,volatile
1767,80.0324327144236,volatile
1768,79.92596981549103,volatile
1769,79.86481699196294,volatile
1770,79.79575251741238,volatile
1771,79.69886064581041,volatile
1772,80.00672100611861,volatile
1773,80.31768106758518,volatile
1774,79.95042841344673,volatile
1775,79.75355385905254,volatile
1776,79.3369733591178,volatile
1777,79.47070939009002,volatile
1778,79.65997179205952,volatile
1779,79.76855493254342,volatile
1780,79.70262711506736,volatile
1781,79.58725110532008,volatile
1782,80.20730085713663,volatile
1783,81.01875812785822,volatile
1784,80.27249649626401,volatile
1785,79.62667976878102,volatile
1786,78.96268854331753,volatile
1787,78.43184974470557,volatile
1788,78.78773690896298,volatile
1789,78.39872941984942,volatile
1790,78.62275438055066,volatile
1791,77.9787473063525,volatile
1792,78.40178825216309,volatile
1793,78.32770527702743,volatile
1794,78.11816390905575,volatile
1795,77.59232612141196,volatile
1796,77.67992446688115,volatile
1797,77.6355153977302,volatile
1798,77.5307885965886,volatile
1799,77.63348993572136,volatile
1800,77.35655507015883,volatile
1801,77.20418514044425,volatile
1802,76.58839546071925,volatile
1803,76.72120015716145,volatile
1804,76.31322448175365,volatile
1805,76.93724781208074,volatile
1806,76.68524932054571,volatile
1807,76.55205008647488,volatile
1808,76.50154266968597,volatile
1809,76.0700370273588,volatile
1810,76.90973093921681,volatile
1811,77.53829973818056,volatile
1812,78.79365011910491,volatile
1813,79.3718428065757,volatile
1814,79.5922272576128,volatile
1815,79.97858120414344,volatile
1816,81.39747451208957,volatile
1817,81.35458565896155,volatile
1818,81.52740653664628,volatile
1819,82.31868696563373,volatile
1820,81.94850105612576,volatile
1821,81.283231795799,volatile
1822,80.53033643375642,volatile
1823,80.30228179704152,volatile
1824,80.8108067738057,volatile
1825,80.87503320703301,volatile
1826,80.83761778155011,volatile
1827,81.13441120391728,volatile
1828,81.12521095198944,volatile
1829,81.63048067227014,volatile
1830,81.84529813379226,volatile
1831,82.03951997870125,volatile
1832,82.23321628438458,volatile
1833,82.82575448671477,volatile
1834,83.2460298945014,volatile
1835,82.99405672752903,volatile
1836,83.61930666552986,volatile
1837,83.8135030104579,volatile
1838,83.80718990437538,volatile
1839,83.86966694646942,volatile
1840,83.7652785250626,volatile
1841,84.41011075674783,volatile
1842,84.04530079281692,volatile
1843,84.41419067643159,volatile
1844,84.26941647725407,volatile
1845,84.18322117023031,volatile
1846,83.72863280688956,volatile
1847,83.87554630313585,volatile
1848,84.24342427563454,volatile
1849,84.17621562601408,volatile
1850,84.0305583146863,volatile
1851,84.68840267392054,volatile
1852,85.13269616458372,volatile
1853,84.21504629065974,volatile
1854,84.63116966298514,volatile
1855,84.8526618643726,volatile
1856,85.52118623267502,volatile
1857,85.77181780686566,volatile
1858,86.19125027624015,volatile
1859,85.9449739122085,volatile
1860,85.58050867775015,volatile
1861,84.75204829734956,volatile
1862,84.11777810404831,volatile
1863,83.51217949747704,volatile
1864,83.38240707221158,volatile
1865,83.047356575821,volatile
1866,82.38826729312426,volatile
1867,82.84058331294831,volatile
1868,83.27144992251444,volatile
1869,82.82920049347558,volatile
1870,83.30530012362162,volatile
1871,83.63928074859435,volatile
1872,84.34019386901376,volatile
1873,84.38784840231989,volatile
1874,84.29520417661928,volatile
1875,84.17846497207645,volatile
1876,84.34380046815456,volatile
1877,84.16946443137687,volatile
1878,84.59610871687188,volatile
1879,84.08887203577619,volatile
1880,83.84560951424967,volatile
1881,84.15074494497772,volatile
1882,84.4657379074445,volatile
1883,84.57658758132665,volatile
1884,85.15683325154716,volatile
1885,85.37161461924818,volatile
1886,85.54823984785108,volatile
1887,85.39471788014345,volatile
1888,86.01557205742982,volatile
1889,87.10520335719723,volatile
1890,87.13020893414185,volatile
1891,87.51665975326156,volatile
1892,87.59210560235427,volatile
1893,88.07333466570626,volatile
1894,88.06742944010821,volatile
1895,87.62727931609923,volatile
1896,87.57107655428128,volatile
1897,87.69770313580332,volatile
1898,87.74250616954289,volatile
1899,88.03194334157763,volatile
1900,88.23273886507114,volatile
1901,88.34212612789499,volatile
1902,89.10083603260924,volatile
1903,88.67765856371794,volatile
1904,88.28505929229465,volatile
1905,88.20152434469074,volatile
1906,88.32378750492678,volatile
1907,88.10824679080994,volatile
1908,88.2828823842236,volatile
1909,88.3715779700751,volatile
1910,88.82060689911174,volatile
1911,88.78180456117438,volatile
1912,88.87457593684603,volatile
1913,88.78474531615518,volatile
1914,88.51420901434898,volatile
1915,88.67701955033479,volatile
1916,88.05625002183184,volatile
1917,88.19518817065618,volatile
1918,88.29633370641412,volatile
1919,88.51933241842427,volatile
1920,88.17818197670567,volatile
1921,88.12676967969581,volatile
1922,88.43513066191993,volatile
1923,88.34293739744031,volatile
1924,88.9622151934186,volatile
1925,88.66215369897871,volatile
1926,89.25090287236013,volatile
1927,88.99958358246505,volatile
1928,89.53116816112936,volatile
1929,89.43899115022417,volatile
1930,89.45063144873158,volatile
1931,89.2210113892595,volatile
1932,89.25811628502701,volatile
1933,89.62557837863683,volatile
1934,90.42682125037217,volatile
1935,90.52522191427656,volatile
1936,90.51375648197846,volatile
1937,90.23452805009764,volatile
1938,89.94487902072542,volatile
1939,89.37942521239869,volatile
1940,89.50008346979223,volatile
1941,89.67398577563972,volatile
1942,89.5673514868118,volatile
1943,89.56071410183503,volatile
1944,89.7003292664907,volatile
1945,89.88903989197512,volatile
1946,90.17413183888418,volatile
1947,90.21924130349763,volatile
1948,90.02022406190213,volatile
1949,90.13522967209548,volatile
1950,90.09808047089123,volatile
1951,89.99388099813503,volatile
1952,90.50154162620846,volatile
1953,90.38094859119047,volatile
1954,90.54303190380236,volatile
1955,90.39020184478555,volatile
1956,90.41835732079355,volatile
1957,90.20532092071103,volatile
1958,90.15490262482962,volatile
1959,90.51352594766242,volatile
1960,90.77483960522287,volatile
1961,90.56274759628552,volatile
1962,90.76201281242014,volatile
1963,91.12517973177279,volatile
1964,90.66697377163844,volatile
1965,91.36041695148286,volatile
1966,91.45097887360072,volatile
1967,91.41407494439987,volatile
1968,92.03873472497652,volatile
1969,91.65551759929642,volatile
1970,91.91347700975824,volatile
1971,92.15471476013023,volatile
1972,92.12381153081722,volatile
1973,92.14952595284564,volatile
1974,92.10358652823902,volatile
1975,92.27424760004514,volatile
1976,91.86154987900223,volatile
1977,91.85673847592798,volatile
1978,91.47902129345024,volatile
1979,91.45835488872764,volatile
1980,90.84724613051486,volatile
1981,91.04447226741114,volatile
1982,90.96591116747945,volatile
1983,91.26377019188178,volatile
1984,91.03291917132134,volatile
1985,91.53905948407902,volatile
1986,91.46114129023006,volatile
1987,91.08494801732125,volatile
1988,91.35119966608133,volatile
1989,91.65766122584029,volatile
1990,91.93800834976575,volatile
1991,92.1021209451401,volatile
1992,91.76161464654952,volatile
1993,91.99927264395227,volatile
1994,91.7827385874978,volatile
1995,91.552320861066,volatile
1996,91.62194680375787,volatile
1997,91.49115224192816,volatile
1998,91.67252073311604,volatile
1999,91.8426425707755,volatile
2000,90.37616629545059,jumpy
2001,91.05381287913794,jumpy
2002,90.79654903915,jumpy
2003,90.666051012057,jumpy
2004,90.06217480118333,jumpy
2005,91.80453647458958,jumpy
2006,91.96629154135032,jumpy
2007,90.19096310516589,jumpy
2008,90.38180044104725,jumpy
2009,88.12956777029783,jumpy
2010,87.57918242292425,jumpy
2011,86.53707768456383,jumpy
2012,87.77244096958817,jumpy
2013,88.2032469732483,jumpy
2014,88.02351224447146,jumpy
2015,88.16105411710424,jumpy
2016,87.86820301960338,jumpy
2017,88.01353864973484,jumpy
2018,87.47914272919796,jumpy
2019,87.37134176407952,jumpy
2020,87.63784136910239,jumpy
2021,87.27825219879345,jumpy
2022,88.22907992047622,jumpy
2023,86.96701437309522,jumpy
2024,87.35732362603444,jumpy
2025,87.2930480632502,jumpy
2026,86.87806597401101,jumpy
2027,87.86845013511633,jumpy
2028,87.56919887307888,jumpy
2029,87.30349964157277,jumpy
2030,86.68856349960784,jumpy
2031,86.36446626725797,jumpy
2032,86.73798306283014,jumpy
2033,86.38398383567055,jumpy
2034,86.89480863861445,jumpy
2035,87.15925732537379,jumpy
2036,87.24858471989816,jumpy
2037,86.8875340383728,jumpy
2038,87.32318169972201,jumpy
2039,87.3977832780621,jumpy
2040,86.86404131004696,jumpy
2041,86.14952313278431,jumpy
2042,86.46762623995659,jumpy
2043,86.0564328642806,jumpy
2044,86.21833736271876,jumpy
2045,86.16116111666979,jumpy
2046,85.30385774079963,jumpy
2047,84.69426611441011,jumpy
2048,84.78382271383757,jumpy
2049,84.01384943454708,jumpy
2050,84.86229764091613,jumpy
2051,84.84293794223574,jumpy
2052,85.20198351042082,jumpy
2053,85.54317085490356,jumpy
2054,85.55326078857125,jumpy
2055,86.43922392745007,jumpy
2056,87.45101457588778,jumpy
2057,86.47188574769369,jumpy
2058,86.16980523861226,jumpy
2059,86.46818214693138,jumpy
2060,85.60518910864782,jumpy
2061,86.55106528430714,jumpy
2062,85.95995843935543,jumpy
2063,86.21813194685775,jumpy
2064,85.56455690263446,jumpy
2065,86.3182444198127,jumpy
2066,85.72383950543893,jumpy
2067,86.01301507715807,jumpy
2068,85.68590355194324,jumpy
2069,87.74618220253966,jumpy
2070,88.26971381118513,jumpy
2071,88.7611148725108,jumpy
2072,90.09358813574933,jumpy
2073,89.27708037852999,jumpy
2074,88.82197834506916,jumpy
2075,88.33365810708213,jumpy
2076,89.300367934062,jumpy
2077,89.6465667004408,jumpy
2078,90.10587268566451,jumpy
2079,91.26479725555136,jumpy
2080,91.43946747433908,jumpy
2081,91.37972468209166,jumpy
2082,91.81370389070979,jumpy
2083,91.37733195843505,jumpy
2084,92.49919975920423,jumpy
2085,91.76510076301287,jumpy
2086,92.51456632049076,jumpy
2087,92.26435837243599,jumpy
2088,92.44124810501879,jumpy
2089,92.81746693249822,jumpy
2090,91.69256907054178,jumpy
2091,92.97071979107834,jumpy
2092,91.9883850277971,jumpy
2093,92.68298680322785,jumpy
2094,93.81545257182968,jumpy
2095,95.01704864129705,jumpy
2096,93.52449512911566,jumpy
2097,92.98414023554011,jumpy
2098,92.02330797289798,jumpy
2099,92.80876684718979,jumpy
2100,93.27805946696445,jumpy
2101,94.58701107012475,jumpy
2102,93.57908831800584,jumpy
2103,93.4147008090309,jumpy
2104,92.42297919725507,jumpy
2105,91.8480523414511,jumpy
2106,92.11467379293909,jumpy
2107,91.38233233080712,jumpy
2108,92.05970268630617,jumpy
2109,92.53513899082067,jumpy
2110,92.53658972346474,jumpy
2111,92.29648348493284,jumpy
2112,94.1366148870247,jumpy
2113,94.49410419028514,jumpy
2114,95.39800868896911,jumpy
2115,93.70021041575119,jumpy
2116,93.98145749423746,jumpy
2117,92.36157398994638,jumpy
2118,93.20509744828134,jumpy
2119,91.99211140972304,jumpy
2120,92.08968187203652,jumpy
2121,92.1924635990811,jumpy
2122,92.45084921905875,jumpy
2123,90.92427795429522,jumpy
2124,92.99395725922611,jumpy
2125,92.98913364614401,jumpy
2126,94.02051989878974,jumpy
2127,94.36859748224632,jumpy
2128,93.9383166864012,jumpy
2129,94.715863551436,jumpy
2130,94.03900359695253,jumpy
2131,93.26463143928765,jumpy
2132,91.9457864837384,jumpy
2133,91.6648695762321,jumpy
2134,91.7862019655897,jumpy
2135,92.88300656443116,jumpy
2136,92.96295005361564,jumpy
2137,93.35514339195917,jumpy
2138,94.12192016845593,jumpy
2139,93.92754801866563,jumpy
2140,94.90605919382655,jumpy
2141,95.03199087776179,jumpy
2142,94.11336604828693,jumpy
2143,93.67795734489624,jumpy
2144,94.5279840528686,jumpy
2145,94.4233356189371,jumpy
2146,91.79790148738383,jumpy
2147,92.56309935391744,jumpy
2148,91.99498660498324,jumpy
2149,91.8649312630719,jumpy
2150,91.57719439966202,jumpy
2151,91.9723958268211,jumpy
2152,91.95663264040662,jumpy
2153,92.86040102114987,jumpy
2154,93.58557539215825,jumpy
2155,95.02495208214927,jumpy
2156,94.86771884634884,jumpy
2157,94.7153247970333,jumpy
2158,95.52229818668683,jumpy
2159,97.63626040907508,jumpy
2160,97.20523881270361,jumpy
2161,96.4560198014436,jumpy
2162,97.30329256077641,jumpy
2163,95.90824477649933,jumpy
2164,96.00069083741305,jumpy
2165,94.96141276689049,jumpy
2166,94.61073225871462,jumpy
2167,94.9315369367273,jumpy
2168,95.58162048402521,jumpy
2169,95.4405315797122,jumpy
2170,95.93658448379604,jumpy
2171,96.34489169305765,jumpy
2172,97.94933063386095,jumpy
2173,96.68854190068723,jumpy
2174,95.62384903301455,jumpy
2175,96.00210476738859,jumpy
2176,95.8321114926547,jumpy
2177,95.05502624176151,jumpy
2178,94.32802696502462,jumpy
2179,93.84948313811262,jumpy
2180,94.25252548646675,jumpy
2181,93.9549796474599,jumpy
2182,94.49589569669453,jumpy
2183,94.82255609576356,jumpy
2184,95.10768537925433,jumpy
2185,94.84613832264301,jumpy
2186,94.26286155204042,jumpy
2187,93.69256250116783,jumpy
2188,94.28224218337895,jumpy
2189,94.61207743752816,jumpy
2190,94.93008618190439,jumpy
2191,94.51805577305461,jumpy
2192,94.68612386290422,jumpy
2193,94.02741339454508,jumpy
2194,92.49895477809405,jumpy
2195,93.14183896026776,jumpy
2196,94.1152440669465,jumpy
2197,94.03648285379967,jumpy
2198,93.40843767290295,jumpy
2199,94.69059079164916,jumpy
2200,93.48596706769828,jumpy
2201,94.00064843813752,jumpy
2202,93.0172704038875,jumpy
2203,92.04901229574733,jumpy
2204,91.79685409505467,jumpy
2205,91.3336917268441,jumpy
2206,91.14124244241762,jumpy
2207,92.39792016440927,jumpy
2208,92.12394654368266,jumpy
2209,91.7126442949412,jumpy
2210,93.84920998497282,jumpy
2211,93.97856973817267,jumpy
2212,94.60954137555152,jumpy
2213,94.2697099098357,jumpy
2214,92.8752853630869,jumpy
2215,92.12273710874864,jumpy
2216,92.20742472602635,jumpy
2217,92.52282814365434,jumpy
2218,92.15086985850822,jumpy
2219,93.59861892745481,jumpy
2220,92.4301493170634,jumpy
2221,93.00496217759019,jumpy
2222,91.52022207045623,jumpy
2223,90.93653014335554,jumpy
2224,91.11028860789617,jumpy
2225,91.15262034655031,jumpy
2226,90.36349547344372,jumpy
2227,90.42691799191242,jumpy
2228,90.23652113735785,jumpy
2229,89.89076688437945,jumpy
2230,90.22879303102202,jumpy
2231,89.65390440239527,jumpy
2232,89.78779415953024,jumpy
2233,90.22927874023442,jumpy
2234,90.20413548052133,jumpy
2235,89.94510837444635,jumpy
2236,90.20230700069067,jumpy
2237,89.34889721583771,jumpy
2238,89.82958540118,jumpy
2239,91.61329039247975,jumpy
2240,92.19737292955521,jumpy
2241,90.5980451654351,jumpy
2242,90.0598015645564,jumpy
2243,91.39901275677744,jumpy
2244,91.8733213941068,jumpy
2245,90.76737993296315,jumpy
2246,91.17546916988614,jumpy
2247,91.12437025641671,jumpy
2248,90.23387516128774,jumpy
2249,92.3910373938035,jumpy
2250,92.20353524731412,jumpy
2251,91.1409474632417,jumpy
2252,92.04184694816801,jumpy
2253,91.86754129542928,jumpy
2254,91.37463056085274,jumpy
2255,92.22248459560441,jumpy
2256,91.78613171297638,jumpy
2257,90.77410957533635,jumpy
2258,90.18244118393281,jumpy
2259,89.64160783109503,jumpy
2260,88.8090176630488,jumpy
2261,87.63094965507565,jumpy
2262,87.86151809559153,jumpy
2263,86.85802259891868,jumpy
2264,87.27783816237003,jumpy
2265,87.22937912759797,jumpy
2266,88.31550297489294,jumpy
2267,87.08032955750924,jumpy
2268,87.44587644988852,jumpy
2269,88.49224044118786,jumpy
2270,88.07549740404892,jumpy
2271,87.78302716714315,jumpy
2272,87.51954148393062,jumpy
2273,86.59021330260033,jumpy
2274,87.63365496198196,jumpy
2275,88.1374828002449,jumpy
2276,87.88168872595617,jumpy
2277,88.18866380469223,jumpy
2278,86.85012141661178,jumpy
2279,86.74491680426013,jumpy
2280,87.7724384613319,jumpy
2281,87.87118211195585,jumpy
2282,86.99609826409048,jumpy
2283,87.52167065701218,jumpy
2284,89.27530314868504,jumpy
2285,89.88282266526154,jumpy
2286,90.4738407153609,jumpy
2287,91.59604637023132,jumpy
2288,92.9675200910618,jumpy
2289,92.6180518900966,jumpy
2290,92.67496259162708,jumpy
2291,91.85110894670755,jumpy
2292,91.7681424750746,jumpy
2293,93.51968905568924,jumpy
2294,92.33788198546425,jumpy
2295,91.1878561877562,jumpy
2296,91.18632737825047,jumpy
2297,90.34983370838215,jumpy
2298,90.6681710093227,jumpy
2299,91.41511364189152,jumpy
2300,92.61615915331018,jumpy
2301,93.05897040380282,jumpy
2302,93.3888631766021,jumpy
2303,92.88207342861355,jumpy
2304,93.28345003767811,jumpy
2305,93.40617114320291,jumpy
2306,93.53318392384605,jumpy
2307,93.13566734869919,jumpy
2308,93.59350649006012,jumpy
2309,92.85638229575872,jumpy
2310,94.20085238148546,jumpy
2311,94.55636889074962,jumpy
2312,94.86596350354067,jumpy
2313,94.96820048391388,jumpy
2314,94.90792139603343,jumpy
2315,95.39355964924148,jumpy
2316,95.67755461506653,jumpy
2317,95.68847707506016,jumpy
2318,96.3578104578137,jumpy
2319,96.93472557144366,jumpy
2320,95.93661443532169,jumpy
2321,95.64270833190358,jumpy
2322,96.97063215005853,jumpy
2323,97.11715567090452,jumpy
2324,96.0133599069001,jumpy
2325,95.89731895205297,jumpy
2326,95.35874780328044,jumpy
2327,94.82928202922879,jumpy
2328,94.12619272148525,jumpy
2329,93.03977368151114,jumpy
2330,93.8711528534144,jumpy
2331,93.38407714387559,jumpy
2332,92.87081503313125,jumpy
2333,93.73127793069222,jumpy
2334,94.15862398875636,jumpy
2335,93.16232373842934,jumpy
2336,92.48890933174012,jumpy
2337,93.33713669692416,jumpy
2338,94.04730853484756,jumpy
2339,94.05693579087252,jumpy
2340,93.17245403047073,jumpy
2341,92.72065498491438,jumpy
2342,93.05362749151006,jumpy
2343,93.20966198569442,jumpy
2344,93.80362457670344,jumpy
2345,93.92962386836903,jumpy
2346,94.42198178228233,jumpy
2347,93.3335315889098,jumpy
2348,93.66428247858434,jumpy
2349,94.41468484344259,jumpy
2350,94.33917533792793,jumpy
2351,93.10400064197904,jumpy
2352,92.58723556958456,jumpy
2353,92.08058883397892,jumpy
2354,92.0092669272952,jumpy
2355,92.75528233972844,jumpy
2356,92.90010392116143,jumpy
2357,91.99487001251717,jumpy
2358,92.31390791131015,jumpy
2359,91.01874170721106,jumpy
2360,89.92727460789749,jumpy
2361,89.50002106570919,jumpy
2362,88.79438273967715,jumpy
2363,88.33221865388894,jumpy
2364,88.85204382353906,jumpy
2365,87.83696556589094,jumpy
2366,87.53053924819842,jumpy
2367,86.99278072770238,jumpy
2368,88.22029078849846,jumpy
2369,87.77980563713128,jumpy
2370,86.42965395788424,jumpy
2371,85.86618397966622,jumpy
2372,86.87382454865161,jumpy
2373,86.74964136107297,jumpy
2374,87.1105521230755,jumpy
2375,85.75775583358772,jumpy
2376,86.56839878460666,jumpy
2377,85.73626290499494,jumpy
2378,85.320470598602,jumpy
2379,85.11194349740819,jumpy
2380,84.6382591132872,jumpy
2381,85.60270588346394,jumpy
2382,85.72521309460203,jumpy
2383,85.54484978838043,jumpy
2384,85.39842825706745,jumpy
2385,86.07591424391516,jumpy
2386,85.05581121072451,jumpy
2387,85.07319015924604,jumpy
2388,85.8931109038596,jumpy
2389,85.48413440769944,jumpy
2390,85.72194760342651,jumpy
2391,85.51627438595382,jumpy
2392,85.17551754102296,jumpy
2393,84.9518183523416,jumpy
2394,84.55492303921966,jumpy
2395,83.48467621180828,jumpy
2396,84.34425282132898,jumpy
2397,84.799809214412,jumpy
2398,83.01839956776067,jumpy
2399,83.97783748511866,jumpy
2400,83.58561643387937,jumpy
2401,82.51978197751737,jumpy
2402,81.79221785913579,jumpy
2403,81.33324770481173,jumpy
2404,81.99007917721184,jumpy
2405,83.12484130911024,jumpy
2406,83.53229397556565,jumpy
2407,83.21185444538264,jumpy
2408,82.13286952974352,jumpy
2409,81.60660648896287,jumpy
2410,82.1342931205847,jumpy
2411,81.24542976973397,jumpy
2412,81.68737486835933,jumpy
2413,81.15206424077041,jumpy
2414,81.43825718187932,jumpy
2415,81.80287407468137,jumpy
2416,81.96183816547195,jumpy
2417,81.97908125249765,jumpy
2418,82.17898863854539,jumpy
2419,83.24069693893223,jumpy
2420,82.79396331249478,jumpy
2421,82.17671006329572,jumpy
2422,81.77036814203932,jumpy
2423,81.76044807797858,jumpy
2424,81.32907656301333,jumpy
2425,80.65138611325652,jumpy
2426,80.94932172441835,jumpy
2427,81.02574216435464,jumpy
2428,81.13540921289629,jumpy
2429,81.22256426788654,jumpy
2430,81.56084360613023,jumpy
2431,81.47239549506138,jumpy
2432,81.44172037142737,jumpy
2433,81.00396737110667,jumpy
2434,80.63527693565761,jumpy
2435,81.0509881534608,jumpy
2436,80.85099944706234,jumpy
2437,80.76992922406575,jumpy
2438,80.50087782027319,jumpy
2439,80.22726046296671,jumpy
2440,80.23990628061627,jumpy
2441,80.36497480959285,jumpy
2442,81.83197342307193,jumpy
2443,81.35537767459138,jumpy
2444,80.38745705866395,jumpy
2445,80.52072568254428,jumpy
2446,79.85968555301675,jumpy
2447,80.90694592089524,jumpy
2448,81.01942113137025,jumpy
2449,81.30063193787794,jumpy
2450,80.87491616284466,jumpy
2451,82.23785627480066,jumpy
2452,82.19799324847395,jumpy
2453,81.5287942404365,jumpy
2454,80.00523788109003,jumpy
2455,80.44950569920394,jumpy
2456,79.64575425334445,jumpy
2457,78.88683814994678,jumpy
2458,78.40488769383637,jumpy
2459,78.0901672755986,jumpy
2460,77.31658270994123,jumpy
2461,77.82463033497685,jumpy
2462,78.68241994288657,jumpy
2463,79.64651807679371,jumpy
2464,80.64903456666033,jumpy
2465,80.20502110838322,jumpy
2466,80.4207874679043,jumpy
2467,79.94274206276909,jumpy
2468,79.89987366571737,jumpy
2469,80.11954660702717,jumpy
2470,79.45489153783032,jumpy
2471,80.53447881651502,jumpy
2472,80.92792139658249,jumpy
2473,81.90834917099953,jumpy
2474,82.31500160726574,jumpy
2475,82.18344555397941,jumpy
2476,82.10348843890388,jumpy
2477,81.9225911489649,jumpy
2478,81.952862981137,jumpy
2479,81.14489093102095,jumpy
2480,80.75274135155811,jumpy
2481,80.9126822470108,jumpy
2482,80.10462255623223,jumpy
2483,81.53189434137266,jumpy
2484,81.4267292330874,jumpy
2485,81.22677752419285,jumpy
2486,81.17585029967188,jumpy
2487,81.93766594958862,jumpy
2488,82.19738906920435,jumpy
2489,82.65618012451955,jumpy
2490,83.01835245814448,jumpy
2491,82.69868772882897,jumpy
2492,83.65261553282471,jumpy
2493,83.16713124007151,jumpy
2494,83.12479708750662,jumpy
2495,83.24188993972702,jumpy
2496,83.24481963969782,jumpy
2497,83.20283458732139,jumpy
2498,83.55700304461821,jumpy
2499,83.67561165393477,jumpy
2500,84.13055829931817,jumpy
2501,84.30503461942011,jumpy
2502,83.54694545540885,jumpy
2503,82.10645030177974,jumpy
2504,81.3279953460729,jumpy
2505,82.48775529258549,jumpy
2506,81.92696742407311,jumpy
2507,81.72850854769901,jumpy
2508,81.07401348768414,jumpy
2509,80.68748549536073,jumpy
2510,80.01443993796218,jumpy
2511,80.06853355030285,jumpy
2512,80.91009206578721,jumpy
2513,80.65802072957769,jumpy
2514,81.20686360536568,jumpy
2515,79.91092624829105,jumpy
2516,79.5013609080841,jumpy
2517,79.4954647737086,jumpy
2518,79.47913264970451,jumpy
2519,79.1856480629182,jumpy
2520,80.53917070940923,jumpy
2521,80.62288937617518,jumpy
2522,80.82930447410408,jumpy
2523,80.12683034799645,jumpy
2524,79.40737170875548,jumpy
2525,80.39179326549535,jumpy
2526,80.29891947069743,jumpy
2527,80.33661614431284,jumpy
2528,81.15922102098722,jumpy
2529,80.15551347576809,jumpy
2530,80.41906401745507,jumpy
2531,80.10025451275084,jumpy
2532,80.79480571283024,jumpy
2533,80.28952479867858,jumpy
2534,79.54967496952646,jumpy
2535,79.3268440754528,jumpy
2536,79.14027397755606,jumpy
2537,80.37275183739233,jumpy
2538,79.7957433431139,jumpy
2539,78.35224068424849,jumpy
2540,77.93540490024418,jumpy
2541,76.97604423381361,jumpy
2542,77.39762131495439,jumpy
2543,77.7476770883459,jumpy
2544,77.95409681242182,jumpy
2545,77.96157348749803,jumpy
2546,78.37247051903053,jumpy
2547,78.02194722692296,jumpy
2548,78.54355032228708,jumpy
2549,78.03934134198325,jumpy
2550,79.2212966284835,jumpy
2551,80.57782999072666,jumpy
2552,80.27334703338074,jumpy
2553,79.329614174633,jumpy
2554,78.12174951350696,jumpy
2555,78.06612957134108,jumpy
2556,78.76776144862306,jumpy
2557,79.3504477621926,jumpy
2558,78.43882425420362,jumpy
2559,78.97551893964535,jumpy
2560,78.85089572953939,jumpy
2561,77.95108865241362,jumpy
2562,78.5795921019916,jumpy
2563,79.12906423673677,jumpy
2564,79.21170075505498,jumpy
2565,79.82879915744999,jumpy
2566,79.73395927916197,jumpy
2567,80.00733036318367,jumpy
2568,80.33130687646387,jumpy
2569,79.87616235727197,jumpy
2570,80.62253794556389,jumpy
2571,80.69538611954148,jumpy
2572,80.31558606280161,jumpy
2573,80.23297013863157,jumpy
2574,80.57164976074245,jumpy
2575,81.52183086803981,jumpy
2576,80.3290633853493,jumpy
2577,80.65301957121198,jumpy
2578,80.47605535925973,jumpy
2579,82.04946297607982,jumpy
2580,82.24000680319497,jumpy
2581,83.71105137598335,jumpy
2582,84.36437063956366,jumpy
2583,85.02945154067628,jumpy
2584,84.13374641141402,jumpy
2585,83.37057953211954,jumpy
2586,83.89446015274925,jumpy
2587,82.5678883481366,jumpy
2588,83.21218646065246,jumpy
2589,83.00657068502396,jumpy
2590,84.08800759011456,jumpy
2591,83.59137798118849,jumpy
2592,83.47524885923818,jumpy
2593,82.78348694071883,jumpy
2594,82.69076560509373,jumpy
2595,82.58463593908769,jumpy
2596,82.92091303721308,jumpy
2597,83.67852378988881,jumpy
2598,82.83801626806861,jumpy
2599,83.13573944342656,jumpy
2600,83.01625639010363,jumpy
2601,83.75335828597328,jumpy
2602,83.7716727033718,jumpy
2603,83.33826890808108,jumpy
2604,83.89065956291479,jumpy
2605,83.77099311631729,jumpy
2606,83.93981615866413,jumpy
2607,83.35752185493283,jumpy
2608,83.5752856677209,jumpy
2609,84.36395318190746,jumpy
2610,84.41607039114824,jumpy
2611,84.11743541547527,jumpy
2612,84.21670289155608,jumpy
2613,84.38513231236128,jumpy
2614,83.51484008379553,jumpy
2615,83.22992894900408,jumpy
2616,83.68666623615462,jumpy
2617,84.38860624900556,jumpy
2618,84.03797507046136,jumpy
2619,83.88320867488956,jumpy
2620,83.3524228060659,jumpy
2621,83.7494974302948,jumpy
2622,84.25900612045379,jumpy
2623,83.79736646603132,jumpy
2624,83.46299290335087,jumpy
2625,83.81630139342886,jumpy
2626,84.21343280153381,jumpy
2627,84.30473343082666,jumpy
2628,84.69205272628214,jumpy
2629,84.80791173954303,jumpy
2630,85.0866218920689,jumpy
2631,84.6044838534709,jumpy
2632,84.81767312705188,jumpy
2633,83.38986254973722,jumpy
2634,83.30854060331302,jumpy
2635,83.55915176752399,jumpy
2636,83.2161115930266,jumpy
2637,82.19998142064641,jumpy
2638,82.03871788484514,jumpy
2639,81.78023980244464,jumpy
2640,81.34912870663173,jumpy
2641,80.91138108824678,jumpy
2642,81.74279719008531,jumpy
2643,81.70505160420248,jumpy
2644,82.52686876144364,jumpy
2645,83.22546164798247,jumpy
2646,82.55943607450072,jumpy
2647,81.18155412153327,jumpy
2648,80.59692577615503,jumpy
2649,80.14441103537463,jumpy
2650,80.13092335540139,jumpy
2651,80.1881211971304,jumpy
2652,80.5914030657891,jumpy
2653,81.44225038523678,jumpy
2654,81.60931851314257,jumpy
2655,80.97346336516222,jumpy
2656,81.74599320876564,jumpy
2657,81.45492480101152,jumpy
2658,80.8391963881887,jumpy
2659,82.03183223442129,jumpy
2660,81.98254932463148,jumpy
2661,80.90020439907391,jumpy
2662,79.71607493315585,jumpy
2663,80.82659350104029,jumpy
2664,80.98851199502462,jumpy
2665,80.77205650791164,jumpy
2666,80.69439389784102,jumpy
2667,81.9064947076843,jumpy
2668,82.52740469680873,jumpy
2669,82.00320697487034,jumpy
2670,81.94183092568244,jumpy
2671,81.45980625590624,jumpy
2672,81.41540343870662,jumpy
2673,81.81378941071841,jumpy
2674,81.54836213698077,jumpy
2675,80.7270588168509,jumpy
2676,80.22103451953676,jumpy
2677,79.90348380507359,jumpy
2678,81.32208837617952,jumpy
2679,80.8267862869743,jumpy
2680,81.22310891917448,jumpy
2681,81.03023484872182,jumpy
2682,80.05399280495186,jumpy
2683,80.6042722913747,jumpy
2684,80.78316425621256,jumpy
2685,81.12178884442464,jumpy
2686,80.93753131838798,jumpy
2687,80.14759767922483,jumpy
2688,80.76807324704976,jumpy
2689,80.40165946225778,jumpy
2690,79.43122449592728,jumpy
2691,78.96175035464104,jumpy
2692,78.36336751177367,jumpy
2693,77.34826012911525,jumpy
2694,76.58026768011214,jumpy
2695,76.29432589789661,jumpy
2696,76.76970212260628,jumpy
2697,77.0098375332737,jumpy
2698,76.64547403301368,jumpy
2699,77.32582216780317,jumpy
2700,76.94284204961185,jumpy
2701,75.96248641147334,jumpy
2702,76.32177428351304,jumpy
2703,75.06230540168583,jumpy
2704,75.1343675265837,jumpy
2705,74.60336538200325,jumpy
2706,74.04605499548656,jumpy
2707,74.78536735805355,jumpy
2708,75.78920874677034,jumpy
2709,74.88334017499402,jumpy
2710,75.20192266956052,jumpy
2711,74.99712622099389,jumpy
2712,74.58942891929505,jumpy
2713,73.66826185976296,jumpy
2714,73.54415090643369,jumpy
2715,74.03620807072114,jumpy
2716,74.13243111803922,jumpy
2717,74.50234911157717,jumpy
2718,74.41963360009008,jumpy
2719,72.86770054125634,jumpy
2720,73.48800443983113,jumpy
2721,74.03785917880406,jumpy
2722,74.2650921479161,jumpy
2723,74.2624031920976,jumpy
2724,75.26003472889653,jumpy
2725,75.76635922776434,jumpy
2726,75.41269899891563,jumpy
2727,74.72965746758797,jumpy
2728,74.8833318399389,jumpy
2729,75.7067799763168,jumpy
2730,75.97298266524776,jumpy
2731,75.88128303372041,jumpy
2732,75.16861916084252,jumpy
2733,74.59113442487099,jumpy
2734,74.0788889854971,jumpy
2735,73.96655935847859,jumpy
2736,73.87717244284343,jumpy
2737,74.1173036113935,jumpy
2738,74.20673219169355,jumpy
2739,74.21595971411318,jumpy
2740,74.53286919625559,jumpy
2741,75.26873512247786,jumpy
2742,75.35401940948329,jumpy
2743,75.16052156753982,jumpy
2744,74.29276601071821,jumpy
2745,74.68993544630254,jumpy
2746,75.38530508580753,jumpy
2747,75.19065549859883,jumpy
2748,76.98511926932852,jumpy
2749,77.95341388900177,jumpy
2750,76.95159680325912,jumpy
2751,76.91351657433049,jumpy
2752,76.76660045030755,jumpy
2753,75.76070157265366,jumpy
2754,75.54369390849612,jumpy
2755,76.69623306285511,jumpy
2756,75.83025094872272,jumpy
2757,76.27643141519236,jumpy
2758,76.84714302350224,jumpy
2759,76.86610962766348,jumpy
2760,76.76149866699109,jumpy
2761,75.79368122836236,jumpy
2762,76.51252778063404,jumpy
2763,76.1717102047988,jumpy
2764,76.34449256675713,jumpy
2765,75.97097013815214,jumpy
2766,74.96293762208215,jumpy
2767,74.40456181064037,jumpy
2768,74.44183280067884,jumpy
2769,74.23512725769763,jumpy
2770,74.00939200650542,jumpy
2771,74.71413970837146,jumpy
2772,75.0646821312336,jumpy
2773,74.73404763343022,jumpy
2774,74.53886883406311,jumpy
2775,75.03542588736569,jumpy
2776,75.33067894638712,jumpy
2777,75.4800015873539,jumpy
2778,75.14884917741863,jumpy
2779,74.34701156356888,jumpy
2780,73.27758892547112,jumpy
2781,73.34152473773234,jumpy
2782,73.12649721469009,jumpy
2783,72.80978645471659,jumpy
2784,73.00689047049956,jumpy
2785,73.56844699303034,jumpy
2786,73.36840884583893,jumpy
2787,73.65499601459754,jumpy
2788,73.34985058895106,jumpy
2789,72.51812379562678,jumpy
2790,72.27974898769737,jumpy
2791,71.88766349228918,jumpy
2792,72.62048604797346,jumpy
2793,72.80470681632548,jumpy
2794,71.93646921168344,jumpy
2795,71.40519345800071,jumpy
2796,72.28686147978652,jumpy
2797,72.38392166155695,jumpy
2798,71.38825912343947,jumpy
2799,71.6973843809713,jumpy
2800,72.11589415891991,jumpy
2801,72.1658151710092,jumpy
2802,72.89314721535091,jumpy
2803,73.36442237747929,jumpy
2804,73.63629875073528,jumpy
2805,73.49018845041199,jumpy
2806,74.7248061498426,jumpy
2807,75.09244582055346,jumpy
2808,75.20125245688952,jumpy
2809,76.02201994983469,jumpy
2810,75.77428438557837,jumpy
2811,75.64580829117241,jumpy
2812,75.27497302733714,jumpy
2813,75.02963897904161,jumpy
2814,75.4335751036717,jumpy
2815,75.03951111796039,jumpy
2816,75.14095211294541,jumpy
2817,75.0498184813735,jumpy
2818,75.61635815734928,jumpy
2819,75.17724857067415,jumpy
2820,75.07901271435547,jumpy
2821,75.01823483748122,jumpy
2822,76.21044506503132,jumpy
2823,77.39109727853842,jumpy
2824,76.45903573224673,jumpy
2825,76.15067553861302,jumpy
2826,75.30184164655941,jumpy
2827,76.82134307490038,jumpy
2828,76.55709377364285,jumpy
2829,75.98288867278316,jumpy
2830,75.80333167302591,jumpy
2831,75.31645561923536,jumpy
2832,76.22498331630428,jumpy
2833,75.54056337668186,jumpy
2834,76.21491165759764,jumpy
2835,76.06462611442045,jumpy
2836,75.40763513457243,jumpy
2837,75.57900484759688,jumpy
2838,75.38081129680532,jumpy
2839,74.9873239603105,jumpy
2840,75.25798369046997,jumpy
2841,74.64122695535954,jumpy
2842,74.58213863008243,jumpy
2843,75.38615849852576,jumpy
2844,76.20048286841269,jumpy
2845,75.06875941346178,jumpy
2846,74.44575889081572,jumpy
2847,74.41516714981998,jumpy
2848,74.66725819715558,jumpy
2849,74.84497621708793,jumpy
2850,74.94142529599989,jumpy
2851,74.03533719590123,jumpy
2852,74.42997012978553,jumpy
2853,75.5055944378385,jumpy
2854,75.8689917793522,jumpy
2855,76.60323307550298,jumpy
2856,76.80147497873006,jumpy
2857,77.7625650301539,jumpy
2858,77.70942258891829,jumpy
2859,77.13478326132336,jumpy
2860,77.80883926283512,jumpy
2861,76.99594094088609,jumpy
2862,77.28413320470922,jumpy
2863,76.46027457125452,jumpy
2864,76.5191086321902,jumpy
2865,76.40101804949364,jumpy
2866,77.44226667822214,jumpy
2867,77.49758005273445,jumpy
2868,77.3094388715718,jumpy
2869,76.51023126358334,jumpy
2870,77.43569408187467,jumpy
2871,76.56469162447758,jumpy
2872,76.50318785568588,jumpy
2873,77.34136538031257,jumpy
2874,77.29742137130764,jumpy
2875,76.47693231226651,jumpy
2876,75.75286561999427,jumpy
2877,76.23956794540919,jumpy
2878,75.95221894056678,jumpy
2879,75.90114314093921,jumpy
2880,75.31743879660354,jumpy
2881,75.36591479327461,jumpy
2882,75.13240086126065,jumpy
2883,76.34875266699892,jumpy
2884,75.63516957787509,jumpy
2885,74.82752463650543,jumpy
2886,74.49159623102763,jumpy
2887,74.43681199293555,jumpy
2888,74.32677301223333,jumpy
2889,74.55324686499866,jumpy
2890,74.73229366676068,jumpy
2891,74.84527024874737,jumpy
2892,74.52053157315783,jumpy
2893,74.6709706728843,jumpy
2894,74.61906489401103,jumpy
2895,74.04158193338324,jumpy
2896,73.26750644750021,jumpy
2897,73.31308499757648,jumpy
2898,72.65934209116666,jumpy
2899,72.23936744373978,jumpy
2900,72.68972822766759,jumpy
2901,72.30366792068573,jumpy
2902,72.17463987123067,jumpy
2903,72.7219980200236,jumpy
2904,72.15661384963661,jumpy
2905,73.08104531022175,jumpy
2906,73.27129902659021,jumpy
2907,73.88297399424769,jumpy
2908,74.0761256704188,jumpy
2909,74.63753079041265,jumpy
2910,75.15353924042311,jumpy
2911,75.53691305032235,jumpy
2912,75.10343667439577,jumpy
2913,74.92748112729319,jumpy
2914,74.26837627367739,jumpy
2915,73.9135576458633,jumpy
2916,74.27111192351516,jumpy
2917,75.01007455124412,jumpy
2918,74.6353113666801,jumpy
2919,74.67991720369483,jumpy
2920,75.00527873925607,jumpy
2921,75.49346978452041,jumpy
2922,75.74374091339577,jumpy
2923,74.69256359745997,jumpy
2924,74.98265741595792,jumpy
2925,74.60624673861008,jumpy
2926,75.11786220091763,jumpy
2927,74.48193645972995,jumpy
2928,74.16475558821898,jumpy
2929,73.0726344557818,jumpy
2930,72.76624190559662,jumpy
2931,72.33107033418823,jumpy
2932,72.69049290546636,jumpy
2933,73.16337184749486,jumpy
2934,73.22594223787902,jumpy
2935,72.113950411689,jumpy
2936,72.00425475158877,jumpy
2937,71.76339103906541,jumpy
2938,71.30403271056592,jumpy
2939,71.24964674539179,jumpy
2940,71.27957538477665,jumpy
2941,72.10814197914317,jumpy
2942,71.54145911563185,jumpy
2943,71.56370628475946,jumpy
2944,71.66016457663031,jumpy
2945,71.72712459595232,jumpy
2946,71.83419054247966,jumpy
2947,72.03626999332769,jumpy
2948,71.15445400745897,jumpy
2949,70.99376235514325,jumpy
2950,71.79983756086915,jumpy
2951,71.61850503940636,jumpy
2952,71.47126992911203,jumpy
2953,72.12879787987977,jumpy
2954,72.16691476596574,jumpy
2955,71.86321093569916,jumpy
2956,70.75659562278709,jumpy
2957,71.03756323196905,jumpy
2958,71.76642788722049,jumpy
2959,71.48761929270437,jumpy
2960,71.27265850284282,jumpy
2961,69.99112258208856,jumpy
2962,69.397948646279,jumpy
2963,68.75528080105646,jumpy
2964,69.12734405667138,jumpy
2965,69.32192149151642,jumpy
2966,69.39571166931734,jumpy
2967,69.74420076435949,jumpy
2968,70.2724527178585,jumpy
2969,70.64291034134813,jumpy
2970,71.13141957651119,jumpy
2971,70.82959495132347,jumpy
2972,70.75166857227121,jumpy
2973,69.92147372102349,jumpy
2974,70.00985161005036,jumpy
2975,70.66038931635684,jumpy
2976,71.28453631376236,jumpy
2977,71.46457539219902,jumpy
2978,72.14925930927646,jumpy
2979,72.0189324189504,jumpy
2980,71.40856954276417,jumpy
2981,69.7737075028991,jumpy
2982,69.05784278541019,jumpy
2983,69.86241945784661,jumpy
2984,70.26998461944521,jumpy
2985,70.51580118849765,jumpy
2986,70.67514896346863,jumpy
2987,71.61500822104315,jumpy
2988,72.11601566430019,jumpy
2989,72.30405987488271,jumpy
2990,73.23456945411628,jumpy
2991,72.59483967888718,jumpy
2992,73.06681569611358,jumpy
2993,73.01925867849171,jumpy
2994,73.10944088482682,jumpy
2995,73.28439138604425,jumpy
2996,73.51339517411344,jumpy
2997,73.54668587858497,jumpy
2998,73.25782680437214,jumpy
2999,72.46236887311775,jumpy
